full_name,H,diameter,albedo,epoch,e,a,q,i,ad,moid,condition_code,rms
  5460 Tsenaat'a'i (1983 AW),14.48,3.458,0.338,2461000.5,0.167470367213864,2.232686756680985,1.85877788566609,3.679023869913218,2.606595627695881,0.878606,0.0,0.47486
     C/-146 P1,,,,1667909.5,1.0,,0.43,71.0,,,,
     C/-43 K1,,,,1705496.5,1.0,,0.22,110.0,,,,
     C/240 V1,,,,1809031.5,1.0,,0.37,44.0,,,,
     C/390 Q1,,,,1863752.5,1.0,,0.92,36.0,,,,
     C/400 F1,,,,1867212.5,1.0,,0.21,32.0,,,,
     C/418 M1,,,,1874009.5,1.0,,0.35,110.0,,,,
     C/442 V1,,,,1882846.5,1.0,,1.53,106.0,,,,
     C/539 W1,,,,1918236.5,1.0,,0.16,19.0,,,,
     C/565 O1,,,,1927619.5,1.0,,0.83,121.0,,,,
     C/568 O1,,,,1928759.2,1.0,,0.87,4.0,,,,
     C/574 G1,,,,1930794.5,1.0,,0.73,54.0,,,,
     C/770 K1,,,,2002456.3,1.0,,0.58,117.0,,,,
     C/817 C1,,,,2019528.5,1.0,,1.1,120.0,,,,
     C/868 B1,,,,2038157.5,1.0,,0.42,65.0,,,,
     C/905 K1,,,,2051724.5,1.0,,0.2,140.0,,,,
     C/962 B1,,,,2072424.5,1.0,,0.63,119.0,,,,
     C/1014 C1,,,,2091516.5,1.0,,0.56,117.0,,,,
     C/1018 P1,,,,2093120.5,1.0,,0.62,35.0,,,,
     C/1080 P1,,,,2115781.4,1.0,,0.681,6.9,,,,
     C/1092 A1,,,,2119962.5,1.0,,0.77,124.0,,,,
     C/1097 T1,,,,2122001.5,1.0,,0.3,41.0,,,,
     C/1110 K1,,,,2126622.5,1.0,,0.83,137.0,,,,
     C/1132 T1,,,,2134763.2,1.0,,0.736,106.3,,,,
     C/1147 A1,,,,2140026.5,1.0,,0.12,110.0,,,,
     C/1230 X1,,,,2170677.3,1.0,,0.86,16.0,,,,
     C/1240 B1,,,,2173988.1,1.0,,0.668,75.3,,,,
     C/1245 D1,,,,2175884.5,1.0,,0.5,20.0,,,,
     C/1264 N1,,,,2182934.79,1.0,,0.8249,16.4,,,,
     C/1293 V1,,,,2193626.5,1.0,,0.78,30.0,,,,
     C/1299 B1,,,,2195607.31,1.0,,0.3179,111.0,,,,
     C/1304 C1,,,,2197379.0,1.0,,0.84,65.0,,,,
     C/1304 Y1,,,,2197727.5,1.0,,0.65,99.0,,,,
     C/1315 U1,,,,2201648.6,1.0,,1.65,125.3,,,,
     C/1337 M1,,,,2209562.35,1.0,,0.749,143.6,,,,
     C/1340 F1,,,,2210626.12,1.0,,1.1362,176.48,,,,
     C/1345 O1,,,,2212553.5,1.0,,0.89,23.0,,,,
     C/1351 W1,,,,2214832.5,1.0,,1.01,7.0,,,,
     C/1362 E1,,,,2218583.5,1.0,,0.3,155.0,,,,
     C/1368 E1,,,,2220844.5,1.0,,0.48,131.0,,,,
     C/1376 M1,,,,2223854.2,1.0,,0.55,76.0,,,,
     C/1402 D1,,,,2233217.5,1.0,,0.38,55.0,,,,
     C/1433 R1,,,,2244772.77,1.0,,0.49277,103.979,,,,
     C/1439 F1,,,,2246780.5,1.0,,0.12,81.0,,,,
     C/1449 Y1,,,,2250648.368,1.0,,0.32742,155.679,,,,
     C/1457 L1,,,,2253446.605,1.0,,0.76991,7.335,,,,
     C/1458 Y1,,,,2253902.5,1.0,,0.49,69.0,,,,
     C/1462 M1,,,,2255268.5,1.0,,0.25,130.0,,,,
     C/1468 S1,,,,2257524.8,1.0,,0.85,138.0,,,,
     C/1471 Y1,,,,2258765.939,1.0,,0.48589,170.866,,,,
     C/1490 Y1,,,,2265638.47,1.0,,0.7376,51.65,,,,
     C/1499 Q1,,,,2268818.5,1.0,,0.95,16.0,,,,
     C/1500 H1,,,,2269052.5,1.0,,1.11,99.0,,,,
     C/1506 O1,,,,2271364.0,1.0,,0.84,115.0,,,,
     C/1532 R1,,,,2280912.332,1.0,,0.51922,32.592,,,,
     C/1533 M1,,,,2281151.917,1.0,,0.2548,149.592,,,,
     C/1538 A1,,,,2282810.82,1.0,,0.1477,42.46,,,,
     C/1539 H1,,,,2283309.1,1.0,,0.961,18.6,,,,
     C/1556 D1,,,,2289499.185,1.0,,0.49082,32.37,,,,
     C/1557 T1,,,,2290016.5,1.0,,0.5,42.0,,,,
     C/1558 P1,,,,2290338.5,1.0,,0.3155,76.4,,0.18851,,
     C/1577 V1,,,,2297356.948,1.0,,0.1775,104.883,,,,
     C/1580 T1,,,,2298451.5,1.0,,0.60237,64.612,,,,
     C/1582 J1,,,,2299009.413,1.0,,0.16872,118.539,,,,
     C/1585 T1,,,,2300282.5,1.0,,1.09485,6.135,,,,
     C/1590 E1,,,,2301834.027,1.0,,0.56773,150.451,,,,
     C/1593 O1,,,,2303090.569,1.0,,0.08911,87.914,,,,
     C/1596 N1,,,,2304193.214,1.0,,0.56716,128.08,,,,
     C/1618 Q1,,,,2312251.127,1.0,,0.51298,21.494,,,,
     C/1618 V1,,,,2312322.4,1.0,,0.744,8.4,,,,
     C/1618 W1,,,,2312334.351,1.0,,0.38954,37.196,,,,
     C/1639 U1,,,,2320024.9,1.0,,0.816,61.7,,,,
     C/1652 Y1,,,,2324757.653,1.0,,0.8475,79.461,,,,
     C/1661 C1,,,,2327754.881,1.0,,0.44272,33.015,,,,
     C/1664 W1,,,,2329162.483,1.0,,1.02553,158.697,,,,
     C/1665 F1,,,,2329303.219,1.0,,0.10649,103.893,,,,
     C/1668 E1,,,,2330342.58,1.0,,0.0666,144.381,,,,
     C/1672 E1,,,,2331806.447,1.0,,0.69546,82.972,,,,
     C/1677 H1,,,,2333698.026,1.0,,0.28059,100.928,,,,
     C/1680 V1,,,,2335000.5,0.999986,444.4285714,0.006222,60.6784,888.8509209,,,
     C/1683 O1,,,,2335957.091,1.0,,0.55958,96.738,,,,
     C/1684 N1,,,,2336288.263,1.0,,0.95827,65.424,,,,
     C/1686 R1,,,,2337117.825,1.0,,0.33602,34.969,,,,
     C/1689 X1,,,,2338289.159,1.0,,0.06443,63.204,,,,
     C/1695 U1,,,,2340442.268,1.0,,0.0423,93.589,,,,
     C/1698 R1,,,,2341532.015,1.0,,0.72865,169.094,,,,
     C/1699 D1,,,,2341620.4,1.0,,0.74862,109.424,,,,
     C/1701 U1,,,,2342627.41,1.0,,0.5926,138.37,,,,
     C/1702 H1,,,,2342774.607,1.0,,0.64683,4.375,,,,
     C/1706 F1,,,,2344193.206,1.0,,0.42686,55.27,,,,
     C/1707 W1,,,,2344873.988,1.0,,0.85904,88.646,,,,
     C/1718 B1,,,,2348560.906,1.0,,1.02543,148.838,,,,
     C/1723 T1,,,,2350642.628,1.0,,0.99879,130.028,,,,
     C/1729 P1,,,,2352731.148,1.0,,4.05054,77.095,,,,
     C/1733 K1,,,,2354150.659,1.0,,0.10297,23.792,,,,
     C/1737 C1,,,,2355516.347,1.0,,0.22282,18.326,,,,
     C/1739 K1,,,,2356384.416,1.0,,0.67358,124.26,,,,
     C/1742 C1,,,,2357351.196,1.0,,0.76577,112.948,,,,
     C/1743 C1,,,,2357687.847,1.0,,0.83818,2.28,,,,
     C/1743 Q1,,,,2357940.647,1.0,,0.52299,134.415,,,,
     C/1743 X1,,,,2358103.3398,1.0,,0.222209,47.1417,,,,
     C/1746 P1,,,,2359200.415,1.0,,2.19859,100.857,,,,
     C/1748 H1,,,,2359622.809,1.0,,0.84067,94.535,,,,
     C/1748 K1,,,,2359673.888,1.0,,0.62536,67.083,,,,
     C/1750 C1,,,,2360287.5,1.0,,0.2,132.0,,,,
     C/1757 R1,,,,2363085.326,1.0,,0.33738,12.828,,,,
     C/1758 K1,,,,2363318.137,1.0,,0.21535,68.3,,,,
     C/1760 A1 (Great comet),,,,2363871.841,1.0,,0.96576,175.126,,,,
     C/1760 B1 (Messier),,,,2363852.002,1.0,,0.80139,79.084,,,,
     C/1762 K1 (Klinkenberg),,,,2364765.335,1.0,,1.00905,85.668,,,,
     C/1763 S1 (Messier),,,,2365287.874,1.0,,0.49818,72.497,,,,
     C/1764 A1 (Messier),,,,2365390.571,1.0,,0.55522,127.089,,,,
     C/1766 E1 (Messier),,,,2366126.362,1.0,,0.50532,139.152,,,,
     D/1766 G1 (Helfenzrieder),,,,2366200.5,0.84763,2.6647634,0.40603,7.865,4.9234968,,,
     C/1769 P1 (Messier),,,,2367454.6204,0.999249,163.4553928,0.122755,40.7338,326.7880306,,,
     D/1770 L1 (Lexell),,,,2367764.5,0.786119,3.1533844,0.674449,1.5517,5.6323197,,,
     C/1771 A1 (Great comet),,,,2367865.235,1.0,,0.52824,148.555,,,,
     C/1771 G1 (Messier),,,,2368013.5,1.0,,0.901835,11.2891,,,,
     C/1773 T1 (Messier),,,,2368883.607,1.0,,1.12689,61.22,,,,
     C/1774 P1 (Montaigne),,,,2369227.449,1.0,,1.42858,82.978,,,,
     C/1779 A1 (Bode),,,,2370886.5,1.0,,0.713178,32.4406,,,,
     C/1780 U1 (Montaigne-Olbers),,,,2371524.848,1.0,,0.51528,107.917,,,,
     C/1780 U2 (Messier),,,,2371465.752,1.0,,0.09926,126.177,,,,
     C/1781 M1 (Mechain),,,,2371745.189,1.0,,0.77586,81.724,,,,
     C/1781 T1 (Mechain),,,,2371890.523,1.0,,0.961,152.801,,,,
     C/1783 X1 (Great comet),,,,2372673.2,1.0,,0.70786,128.859,,,,
     C/1785 A1 (Messier-Mechain),,,,2373045.325,1.0,,1.1434,70.238,,,,
     C/1785 E1 (Mechain),,,,2373116.414,0.99646,120.6892655,0.42724,92.639,240.9512911,,,
     C/1786 P1 (Herschel),,,,2373574.5,1.0,,0.410712,50.8921,,,,
     C/1787 G1 (Mechain),,,,2373878.825,1.0,,0.34891,131.724,,,,
     C/1788 W1 (Messier),,,,2374428.309,1.0,,1.06301,167.512,,,,
     C/1790 A1 (Herschel),,,,2374859.212,1.0,,0.7581,148.068,,,,
     C/1790 H1 (Herschel),,,,2374985.241,1.0,,0.79796,116.147,,,,
     C/1791 X1 (Herschel),,,,2375587.535,1.0,,1.29258,140.211,,,,
     C/1793 A1 (Gregory),,,,2375936.198,1.0,,0.96581,131.003,,,,
     C/1793 S1 (Perny),,,,2376263.4983,1.0,,1.504546,51.9362,,,,
     C/1793 S2 (Messier),,,,2376248.841,1.0,,0.40344,119.642,,,,
     C/1796 F1 (Olbers),,,,2377128.7737,1.0,,1.579636,115.1716,,,,
     C/1797 P1 (Bouvard-Herschel),,,,2377591.114,1.0,,0.52545,129.427,,,,
     C/1798 G1 (Messier),,,,2377860.508,1.0,,0.48503,43.783,,,,
     C/1798 X1 (Bouvard),,,,2378131.914,1.0,,0.77479,137.746,,,,
     C/1799 P1 (Mechain),,,,2378381.191,1.0,,0.83986,129.062,,,,
     C/1799 Y1 (Mechain),,,,2378490.896,1.0,,0.6258,102.996,,,,
     C/1801 N1 (Pons),,,,2379081.557,1.0,,0.25641,159.267,,,,
     C/1802 Q1 (Pons),,,,2379478.8554,1.0,,1.094249,57.0108,,,,
     C/1804 E1 (Pons),,,,2380000.5881,1.0,,1.071168,56.4522,,,,
     C/1806 V1 (Pons),,,,2381049.9118,1.0,,1.081927,144.9537,,,,
     C/1807 R1 (Great comet),,,,2381313.7389,0.995488,143.2012411,0.646124,63.1762,285.7563583,,,
     C/1808 F1 (Pons),,,,2381550.953,1.0,,0.38986,134.303,,,,
     C/1808 M1 (Pons),,,,2381611.1677,1.0,,0.607953,140.705,,,,
     C/1808 R1 (PONS),,,,2381677.5,1.0,,1.062041,132.7937,,0.13998,,
     C/1810 Q1 (Pons),,,,2382427.2379,1.0,,0.969623,62.9454,,,,
     C/1811 F1 (Great comet),,,,2382760.5,0.995125,212.3922051,1.035412,106.9342,423.7489983,,,
     C/1811 W1 (Pons),,,,2382828.0427,0.980916,82.8809998,1.581701,31.2554,164.1802986,,,
     C/1813 C1 (Pons),,,,2383307.522,1.0,,0.699314,158.8486,,,,
     C/1813 G1 (Pons),,,,2383383.5872,1.0,,1.214703,99.0577,,,,
     C/1816 B1 (Pons),,,,2384400.346,1.0,,0.0485,43.111,,,,
     C/1817 Y1 (Pons),,,,2385162.5,1.0,,1.197821,89.7518,,,,
     C/1818 W2 (Pons),,,,2385408.9347,1.0,,0.855096,116.9058,,,,
     C/1819 N1 (Great comet),,,,2385613.5,1.0,,0.341514,80.7517,,,,
     C/1821 B1 (Nicollet-Pons),,,,2386246.5366,1.0,,0.091823,106.4613,,,,
     C/1822 J1 (Gambart),,,,2386656.5793,1.0,,0.504429,126.3969,,,,
     C/1822 K1 (Pons),,,,2386727.8337,1.0,,0.84713,143.6913,,,,
     C/1822 N1 (Pons),,,,2386840.5,0.996316,310.8303474,1.145099,127.3429,620.5155959,,,
     C/1823 Y1 (Great comet),,,,2387306.5,1.0,,0.226742,103.8194,,,,
     C/1824 N1 (Rumker),,,,2387454.5188,1.0,,0.591671,125.4324,,,,
     C/1824 O1 (Scheithauer),,,,2387534.0664,1.0,,1.049835,54.5985,,,,
     C/1825 K1 (Gambart),,,,2387760.5,0.996395,246.6049931,0.889011,123.3414,492.3209751,,,
     C/1825 N1 (Pons),,,,2387960.5,0.995431,271.579339,1.240846,146.4353,541.917832,,,
     C/1825 P1 (Pons),,,,2387857.7111,1.0,,0.883471,89.6749,,,,
     C/1825 V1 (Pons),,,,2388103.9581,1.0,,2.007734,39.9903,,,,
     C/1826 P1 (Pons),,,,2388280.5,0.997492,340.0629984,0.852878,25.9496,679.2731188,,,
     C/1826 U1 (Pons),,,,2388314.4074,1.0,,0.026904,90.6234,,,,
     C/1826 Y1 (Pons),,,,2388392.911,1.0,,0.506166,102.3898,,,,
     C/1827 P1 (Pons),,,,2388611.667,1.0,,0.137758,125.8788,,,,
     C/1830 F1 (Great comet),,,,2389574.5,1.0,,0.921424,21.257,,,,
     C/1831 A1 (Great comet),,,,2389814.6604,1.0,,0.125887,135.263,,,,
     C/1832 O1 (Gambart),,,,2390387.5,1.0,,1.183005,136.6727,,,,
     C/1833 S1 (Dunlop),,,,2390802.1912,1.0,,0.458122,7.3488,,,,
     C/1834 E1 (Gambart),,,,2391006.7926,1.0,,0.513106,5.9759,,,,
     C/1835 H1 (Boguslawski),,,,2391365.2052,1.0,,2.040153,170.8846,,,,
     C/1839 X1 (Galle),,,,2393109.4752,1.0,,0.618434,53.0716,,,,
     C/1840 B1 (Galle),,,,2393160.5,0.99325,180.8075556,1.220451,120.7807,360.3946601,,,
     C/1840 E1 (Galle),,,,2393198.4378,1.0,,0.748504,79.8512,,,,
     C/1840 U1 (Bremiker),,,,2393440.5,0.965941,43.4525676,1.479951,57.9043,85.4251842,,,
     C/1842 U1 (Laugier),,,,2394185.9553,1.0,,0.504685,106.4213,,,,
     C/1843 D1 (Great March comet),,,,2394259.411,0.999914,64.2674419,0.005527,144.3548,128.5293567,,,
     C/1843 J1 (Mauvais),,,,2394327.0559,1.0,,1.616305,52.7241,,,,
     C/1844 N1 (Mauvais),,,,2394840.5,0.999757,3520.1687243,0.855401,131.4092,7039.4820476,,,
     C/1844 Y1 (Great comet),,,,2394920.5,0.999302,358.9355301,0.250537,45.5651,717.6205232,,,
     C/1844 Y2 (d'Arrest),,,,2394940.1579,1.0,,0.905204,46.8605,,,,
     C/1845 D1 (de Vico),,,,2395039.5,1.0,,1.254549,56.4038,,,,
     C/1845 L1 (Great June comet),,,,2395088.6832,1.0,,0.401077,131.0985,,,,
     C/1846 B1 (de Vico),,,,2395319.0939,0.992403,194.9062788,1.480703,47.4257,388.3318546,,,
     C/1846 J1 (Brorsen),,,,2395453.471,0.990414,66.1130816,0.63376,150.6809,131.5924032,,,
     C/1846 O1 (de Vico-Hind),,,,2395444.8958,1.0,,1.375992,122.3771,,,,
     C/1846 S1 (de Vico),,,,2395599.7772,1.0,,0.830669,49.7196,,,,
     C/1847 C1 (Hind),,,,2395760.5,0.99991,473.2555556,0.042593,48.6636,946.4685181,,,
     C/1847 J1 (Colla),,,,2395800.5,1.000723,-2926.3471646,2.115749,100.4185,,,,
     C/1847 N1 (Mauvais),,,,2395880.5,0.998589,1251.6357193,1.766058,96.5817,2501.5053807,,,
     C/1847 Q1 (Schweizer),,,,2395883.3451,1.0,,1.484824,147.3551,,,,
     C/1847 T1 (Mitchell),,,,2395960.5,1.000172,-1912.9360465,0.329025,108.1326,,,,
     C/1848 P1 (Petersen),,,,2396279.0453,1.0,,0.319947,95.5938,,,,
     C/1848 U1 (Petersen),,,,2396412.3534,1.0,,0.959782,85.04,,,,
     C/1849 G1 (Schweizer),,,,2396560.5,0.998427,568.5696122,0.89436,66.9587,1136.2448644,,,
     C/1849 G2 (Goujon),,,,2396520.5,1.00094,-1233.4106383,1.159406,67.1526,,,,
     C/1850 J1 (Petersen),,,,2396960.5,0.998599,771.89793,1.081429,68.1848,1542.7144311,,,
     C/1850 Q1 (Bond),,,,2397050.3374,1.0,,0.565586,40.0621,,,,
     C/1851 P1 (Brorsen),,,,2397361.2458,1.0,,0.984753,38.2035,,,,
     C/1851 U1 (Brorsen),,,,2397396.7962,1.0,,0.142053,73.9862,,,,
     C/1852 K1 (Chacornac),,,,2397598.5873,1.0,,0.905406,131.1243,,,,
     C/1853 E1 (Secchi),,,,2397909.0213,1.0,,1.092195,159.7566,,,,
     C/1853 G1 (Schweizer),,,,2398000.5,0.989286,84.8136084,0.908693,122.1955,168.7185237,,,
     C/1853 L1 (Klinkerfues),,,,2398080.5,1.00025,-1227.336,0.306834,61.5008,,,,
     C/1853 R1 (Bruhns),,,,2398160.5,1.000664,-260.3358434,0.172863,118.9963,,,,
     C/1853 W1 (van Arsdale),,,,2398222.9351,1.0,,2.044645,113.8757,,,,
     C/1854 F1 (Great comet),,,,2398302.0132,1.0,,0.277064,97.4867,,,,
     C/1854 L1 (Klinkerfues),,,,2398391.997,1.0,,0.648092,108.7032,,,,
     C/1854 R1 (Klinkerfues),,,,2398520.5,0.993246,118.2650281,0.798762,40.9201,235.7312943,,,
     C/1854 Y1 (Winnecke-Dien),,,,2398568.8092,0.991309,156.4219307,1.359463,14.152,311.4843985,,,
     C/1855 G1 (Schweizer),,,,2398620.0474,0.965185,63.0051989,2.193526,128.5764,123.8168718,,,
     C/1855 L1 (Donati),,,,2398720.5,0.98578,39.9130802,0.567564,156.8707,79.2585963,,,
     C/1855 V1 (Bruhns),,,,2398913.3872,1.0,,1.230983,169.824,,,,
     C/1857 D1 (d'Arrest),,,,2399395.3691,1.0,,0.772493,87.9479,,,,
     C/1857 M1 (Klinkerfues),,,,2399513.9743,1.0,,0.367535,121.0332,,,,
     C/1857 O1 (Peters),,,,2399560.5,0.980414,38.1314715,0.746843,32.7565,75.5160999,,,
     C/1857 Q1 (Klinkerfues),,,,2399588.8799,0.996913,182.3446712,0.562898,123.9614,364.1264444,,,
     C/1857 V1 (Donati-van Arsdale),,,,2399638.0641,1.0,,1.009088,142.1557,,,,
     C/1858 K1 (Bruhns),,,,2399836.2956,1.0,,0.544261,99.9713,,,,
     C/1858 L1 (Donati),,,,2399960.5,0.996295,156.1319838,0.578469,116.9512,311.6854986,,,
     C/1858 R1 (Tuttle),,,,2399965.8102,1.0,,1.427002,158.7051,,,,
     C/1859 G1 (Tempel),,,,2400194.2261,1.0,,0.201032,95.4894,,,,
     C/1860 D1-A (Liais),,,,2400457.6249,1.0,,1.198875,79.6819,,,,
     C/1860 D1-B (Liais),,,,2400457.6697,1.0,,1.198174,79.6193,,,,
     C/1860 H1 (Rumker),,,,2400475.5655,1.0,,1.306664,48.236,,,,
     C/1860 M1 (Great comet),,,,2400632.5,1.0,,0.292885,79.3233,,,,
     C/1860 U1 (Tempel),,,,2400676.3119,1.0,,0.682653,32.2097,,,,
     C/1861 G1 (Thatcher),,,,2400920.5,0.983465,55.6818869,0.9207,79.7733,110.4430738,,,
     C/1861 J1 (Great comet),,,,2400920.5,0.98507,55.0826524,0.822384,85.4424,109.3429208,,,
     C/1861 Y1 (Tuttle),,,,2401117.1744,1.0,,0.839027,138.0019,,,,
     C/1862 N1 (Schmidt),,,,2401325.5,1.0,,0.981328,172.1091,,,,
     C/1862 W1 (Respighi),,,,2401503.1741,1.0,,0.803238,137.5412,,,,
     C/1862 X1 (Bruhns),,,,2401520.5,1.000049,-16219.6734694,0.794764,85.3553,,,,
     C/1863 G1 (Klinkerfues),,,,2401600.5,0.999159,1269.9619501,1.068038,112.6209,2538.8558621,,,
     C/1863 G2 (Respighi),,,,2401600.5,0.999079,682.7155266,0.628781,85.4961,1364.8022722,,,
     C/1863 T1 (Baeker),,,,2401880.5,1.000665,-1974.6075188,1.313114,83.3151,,,,
     C/1863 V1 (Tempel),,,,2401800.5,0.998879,630.1632471,0.706413,78.0817,1259.6200812,,,
     C/1863 Y1 (Respighi),,,,2401899.5,1.0,,0.771492,64.4906,,,,
     C/1864 N1 (Tempel),,,,2402080.5,0.996351,249.1888189,0.90929,178.1269,497.4683477,,,
     C/1864 O1 (Donati-Toussaint),,,,2402160.5,0.999358,1450.4859813,0.931212,109.7124,2900.0407506,,,
     C/1864 R1 (Donati),,,,2402080.8118,1.0,,0.626106,134.9822,,,,
     C/1864 X1 (Baeker),,,,2402228.4511,1.0,,0.770731,48.8623,,,,
     C/1864 Y1 (Bruhns),,,,2402252.5,1.0,,1.114634,162.8931,,,,
     C/1865 B1 (Great southern comet),,,,2402251.3253,1.0,,0.025844,92.4945,,,,
     C/1867 S1 (Baeker-Winnecke),,,,2403277.9608,1.0,,0.330359,96.5735,,,,
     C/1868 L1 (Winnecke),,,,2403510.4763,1.0,,0.578577,131.5581,,,,
     C/1869 T1 (Tempel),,,,2403980.8496,1.0,,1.230731,111.6853,,,,
     C/1870 K1 (Winnecke),,,,2404227.5,1.0,,1.008692,121.7835,,0.0221548,,6.2923
     C/1870 Q1 (Coggia),,,,2404351.5,1.0,,1.816685859329131,99.36214761560636,,0.820173,,1.2144
     C/1870 W1 (Winnecke),,,,2404395.5,1.000245808898984,-1585.34007286747,0.3896906978268747,147.289297922724,,0.0945084,,1.6665
     C/1871 G1 (Winnecke),,,,2404535.5,0.991521505283544,76.47529570311117,0.6483953905582305,87.61329418116014,152.3021960156641,0.220955,6.0,0.80772
     C/1871 L1 (Tempel),,,,2404590.5,1.0,,1.083363,101.9782,,,,
     C/1871 V1 (Tempel),,,,2404800.5,0.995714,161.2851143,0.691268,98.2992,321.8789607,,,
     C/1873 Q1 (Borrelly),,,,2405400.5,0.996482,225.7137578,0.794061,95.9662,450.6334546,,,
     C/1873 Q2 (Henry),,,,2405440.5,0.99973,1425.6037037,0.384913,121.4625,2850.8224944,,,
     C/1874 D1 (Winnecke),,,,2405592.9346,1.0,,0.044568,58.8932,,,,
     C/1874 G1 (Winnecke),,,,2405657.5,1.0,,0.885773,148.4122,,,,
     C/1874 H1 (Coggia),,,,2405720.5,0.99882,572.6966102,0.675782,66.3439,1144.7174383,,,
     C/1874 O1 (Borrelly),,,,2405762.8436,0.998831,840.5893926,0.982649,41.8266,1680.1961363,,,
     C/1874 Q1 (Coggia),,,,2405720.5,0.962822,45.402792,1.687985,34.1267,89.1175989,,,
     C/1874 X1 (Borrelly),,,,2405815.9428,1.0,,0.508226,99.2205,,,,
     C/1877 C1 (Borrelly),,,,2406639.1786,1.0,,0.807441,152.8948,,,,
     C/1877 G1 (Winnecke),,,,2406750.5,1.001265749129333,-750.7082612012689,0.9502083279986584,121.1372164015604,,0.235424,,1.0589
     C/1877 G2 (Swift),,,,2406739.5,1.008610334967269,-117.3341231114027,1.010286103079961,77.15596870193163,,0.332809,,0.80809
     C/1877 R1 (Coggia),,,,2406874.2182,1.0,,1.575904,102.2274,,,,
     C/1877 T1 (Tempel),,,,2406902.5,0.9919370379326136,133.0633055138368,1.072884384919119,115.665829340426,265.0537266427546,0.530957,,0.92295
     C/1878 N1 (Swift),,,,2407186.6907,1.0,,1.391967,78.1761,,,,
     C/1879 M1 (Swift),,,,2407545.5,1.0,,0.8963644122870428,107.0446361700477,,0.0938926,,1.191
     C/1879 Q1 (Palisa),,,,2407617.5,1.0,,0.9895343081316492,77.12428429305984,,0.302072,,1.173
     C/1879 Q2 (Hartwig),,,,2407601.5,1.0,,0.9914800000000004,107.7629,,0.546778,,9.6316
     C/1880 C1 (Great southern comet),,,,2407759.5,1.000010309186499,-520.9070105212681,0.0053701275200552,144.7588460199094,,0.554057,,0.55531
     C/1880 G1 (Schaeberle),,,,2407855.5,1.000827189464856,-2193.468835051659,1.814414311844558,123.0564901084186,,0.934564,,15.369
     C/1880 S1 (Hartwig),,,,2407965.9351,1.0,,0.354634,141.9119,,,,
     C/1880 Y1 (Pechule),,,,2408089.5,1.0,,0.659736,60.70069999999998,,0.344549,,2.5438
     C/1881 J1 (Swift),,,,2408221.4409,1.0,,0.59109,77.9336,,,,
     C/1881 K1 (Great comet),,,,2408306.5,0.9958963114667516,178.9974427758503,0.7345497534000603,63.42515903051775,357.2603357983005,0.279272,,0.73324
     C/1881 N1 (Schaeberle),,,,2408316.5,1.0,,0.633542,140.2281,,,,
     C/1881 S1 (Barnard),,,,2408338.3653,1.0,,0.4492,112.816,,,,
     C/1881 W1 (Swift),,,,2408404.7418,0.990169,195.8064286,1.924973,144.8016,389.6878843,,,
     C/1882 F1 (Wells),,,,2408616.5,0.9999928686793312,8520.608669524105,0.0607631927154173,73.79692477335327,17041.15657585549,0.00844853,,0.98846
     C/1882 R1-A (Great September comet),,,,2408709.5,0.999899,76.7326733,0.00775,142.0112,153.4575965,,,
     C/1882 R1-B (Great September comet),,,,2408798.5,0.9999069978685318,83.35973092554065,0.0077526326546937,142.0206977584303,166.7117092184266,0.516376,6.0,10.303
     C/1882 R1-C (Great September comet),,,,2408709.5,0.999915,91.1882353,0.007751,142.0105,182.3687196,,,
     C/1882 R1-D (Great September comet),,,,2408709.5,0.99992,96.8625,0.007749,142.0093,193.717251,,,
     C/1882 R2 (Barnard),,,,2408785.5,1.0,,0.9555670000000066,96.14660000000002,,0.396486,,3.8954
     C/1883 D1 (Brooks-Swift),,,,2408881.5,1.000077396988954,-9819.976357216778,0.7600366016484127,78.06626043567613,,0.110335,,0.97603
     C/1884 A1 (Ross),,,,2409170.2926,1.0,,0.309607,114.977,,,,
     D/1884 O1 (Barnard),,,,2409411.5,0.583594335629989,3.072960608924709,1.279598203942167,5.473222503560487,4.86632301390725,0.28009,7.0,1.0303
     C/1885 N1 (Barnard),,,,2409751.5,1.0,,2.506483148733141,80.6119893689344,,1.49038,,1.2477
     C/1885 R1 (Brooks),,,,2409760.5,0.982264,42.2388926,0.749149,59.097,83.7286363,,,
     C/1885 X1 (Fabry),,,,2409924.5,1.000387113881838,-1659.415920197626,0.642382938451641,82.62977642782661,,0.181171,,1.1138
     C/1885 X2 (Barnard),,,,2409938.5,1.000200158025937,-2394.381815423776,0.4792547375146268,84.44081160481933,,0.331995,,0.88573
     C/1885 Y1 (Brooks),,,,2409920.5,1.000008804227581,-122600.9664829005,1.079406810563923,42.44237071788757,,0.157961,,1.3653
     C/1886 H1 (Brooks),,,,2410034.5,0.9951434029568824,55.49418174319072,0.2695128789642098,87.62919010353608,110.7188506074172,0.68446,7.0,0.96839
     C/1886 J1 (Brooks),,,,2410035.5,1.000114948720622,-7325.063090551691,0.8420066307344243,100.2092855719016,,0.0672098,,1.4992
     D/1886 K1 (Brooks),,,,2410055.5,0.5713596274725783,3.091849585041274,1.325291557930846,12.67159786365291,4.858407612151702,0.31472,9.0,10.37
     C/1886 T1 (Barnard-Hartwig),,,,2410240.5,1.000408,-1625.7769608,0.663317,101.6154,,,,
     C/1887 B1 (Great southern comet),,,,2410283.434,1.0,,0.00483,144.383,,,,
     C/1887 B2 (Brooks),,,,2410360.5,0.983694,99.9720962,1.630145,104.2738,198.3140473,,,
     C/1887 B3 (Barnard),,,,2410373.5,1.0,,1.480714,85.5867,,,,
     C/1887 D1 (Barnard),,,,2410326.5,1.0,,1.006455,139.7763,,,,
     C/1887 J1 (Barnard),,,,2410440.5,0.996093,356.7476325,1.393813,17.5479,712.1014519,,,
     C/1888 D1 (Sawerthal),,,,2410720.5,0.995874,169.3582162,0.698772,42.2482,338.0176604,,,
     C/1888 P1 (Brooks),,,,2410850.1364,0.999908,9806.8043478,0.902226,74.1904,19612.7064697,,,
     C/1888 R1 (Barnard),,,,2411040.5,1.00123,-1475.5414634,1.814916,166.3842,,,,
     C/1888 U1 (Barnard),,,,2410880.5,0.991488,179.4940085,1.527853,56.3425,357.4601639,,,
     C/1889 G1 (Barnard),,,,2411160.5,0.999818,12393.3846154,2.255596,163.8517,24784.5136348,,,
     C/1889 O1 (Davidson),,,,2411200.5,0.997611,435.2118041,1.039721,65.9916,869.3838872,,,
     C/1889 X1 (Borrelly),,,,2411394.4764,1.0,,0.269796,56.7537,,,,
     C/1890 F1 (Brooks),,,,2411627.5,1.000335595667974,-5684.23486389707,1.907604596070814,120.569048957471,,1.30132,,0.84211
     C/1890 O1 (Coggia),,,,2411578.5,1.0,,0.764087,63.3509,,,,
     C/1890 O2 (Denning),,,,2411640.5,0.999187,1550.0897909,1.260223,98.9373,3098.9193588,,,
     C/1890 V1 (Zona),,,,2411708.5,0.994352319269631,361.1852126446035,2.039858765547168,154.2642091838949,720.3305665236597,1.0892,,0.578
     C/1891 F1 (Barnard-Denning),,,,2411850.5,1.0,,0.397896,120.5116,,,,
     C/1891 T1 (Barnard),,,,2412050.5427,1.0,,0.971089,77.988,,,,
     C/1892 E1 (Swift),,,,2412306.5,0.998800649728554,856.2076214534312,1.026892843204419,38.70072363348961,1711.388350063658,0.0584364,,0.97506
     C/1892 F1 (Denning),,,,2412235.5,1.000591149506102,-3333.918111747772,1.970844045144045,89.6933475084014,,1.24064,,1.139
     C/1892 Q1 (Brooks),,,,2412524.5,1.000311334012426,-3134.91059417204,0.9760042938800124,24.79967393448009,,0.262291,,0.76124
     C/1892 W1 (Brooks),,,,2412471.5,1.0,,1.19510868331441,143.8494904026969,,0.613919,,0.93444
     C/1893 N1 (Rordame-Quenisset),,,,2412663.5,1.001703095705961,-395.9991482869547,0.6744244490117037,159.9750170760228,,0.116903,,0.84942
     C/1893 U1 (Brooks),,,,2412726.2223,0.996489,231.2705782,0.811991,129.8233,461.7291654,,,
     C/1894 G1 (Gale),,,,2412983.5,0.9889445514822618,88.91401444468167,0.9829843091986096,86.95851988315646,176.8450445801647,0.0765483,6.0,1.1837
     D/1895 Q1 (Swift),,,,2413430.5,0.652013,3.7293433,1.297763,2.9923,6.1609237,,,
     C/1895 W1 (Perrine),,,,2413579.5,1.000051677678226,-3714.891484943543,0.1919769668034313,141.6263413348372,,0.326444,,3.9728
     C/1895 W2 (Brooks),,,,2413488.0527,1.0,,0.843034,76.2461,,,,
     C/1896 C1 (Perrine-Lamp),,,,2413614.5,1.000010578361868,-55517.71280611488,0.5872864561478279,155.7379283615267,,0.374264,,0.76596
     C/1896 G1 (Swift),,,,2413686.5,1.000013697596117,-41348.53810423247,0.5663755749765553,55.54968388846527,,0.429033,,0.89132
     C/1896 R1 (Sperra),,,,2413751.9428,1.0,,1.142895,88.4215,,,,
     C/1896 V1 (Perrine),,,,2413962.5,1.000247728717743,-4289.474647403246,1.062626054191984,146.1404661586535,,0.0503408,,0.9986
     C/1897 U1 (Perrine),,,,2414223.5,1.000002907207321,-466519.6796666789,1.356269428164741,69.61727214529904,,0.732767,,0.76659
     C/1898 F1 (Perrine),,,,2414427.5,0.9804491259340256,56.02116969667461,1.095262833768269,72.52915998025942,110.9470765595809,0.258664,4.0,0.94283
     C/1898 L1 (Coddington-Pauly),,,,2414513.5,1.000976945137611,-1741.745982981069,1.701590269026724,69.93525513826393,,0.94847,,1.0313
     C/1898 L2 (Perrine),,,,2414472.5,1.0,,0.6261209670050003,70.03126875409151,,0.316821,,1.0828
     C/1898 M1 (Giacobini),,,,2414470.5,1.008888662013334,-169.0060936334114,1.502238044501262,166.8684893785824,,0.49629,,1.063
     C/1898 R1 (Perrine-Chofardet),,,,2414553.5,1.000034068376416,-12342.27305370854,0.4204812042222061,28.85833308632357,,0.437379,,0.97685
     C/1898 U1 (Brooks),,,,2414598.5,1.0,,0.7560175599554874,140.3447593232786,,0.0320818,,1.0538
     C/1898 V1 (Chase),,,,2414689.5,0.999249491414488,3044.209891375267,2.284705659577893,22.50277188242595,6086.135077090958,1.3023,,0.80711
     C/1899 E1 (Swift),,,,2414778.5,1.000325246952994,-1004.044294477624,0.3265623474498203,146.2704268576312,,0.506217,,1.1289
     C/1899 S1 (Giacobini),,,,2414956.5,1.0,,1.785615847511348,76.94895461743268,,0.779923,,0.852
     C/1900 B1 (Giacobini),,,,2415165.5,1.001188984500468,-1119.920709728324,1.331568365620105,146.4480336522749,,0.374386,,1.0514
     C/1900 O1 (Borrelly-Brooks),,,,2415246.5,1.000321711173354,-3154.489394868957,1.014834484556042,62.53290972222625,,0.015411,,1.034
     C/1901 G1 (Great comet),,,,2415522.5,0.9999309154397892,3543.398137496141,0.2447941019803634,131.0776610012829,7086.551480890302,0.452251,,0.7911
     C/1902 G1 (Brooks),,,,2415877.296,1.0,,0.44392,65.201,,,,
     C/1902 R1 (Perrine),,,,2416019.5,0.9998667413175908,3009.052697432211,0.4009823977596947,156.3545396105399,6017.704412466662,0.318012,,0.94214
     C/1902 X1 (Giacobini),,,,2416153.5,1.000313645348852,-8842.515312566436,2.773413799938352,43.89502457409881,,1.7917,,0.95512
     C/1903 A1 (Giacobini),,,,2416183.5,1.008084004128638,-50.8013887153708,0.4106786361156054,30.95202186109105,,0.28094,,0.87999
     C/1903 H1 (Grigg),,,,2416199.4203,1.0,,0.49942,66.4835,,,,
     C/1903 M1 (Borrelly),,,,2416307.5,1.000784637212254,-421.0600155598834,0.3303793568005197,85.03733316303682,,0.262543,,0.64625
     C/1904 H1 (Brooks),,,,2416643.5,1.001911728254438,-1416.41197497697,2.70779479248792,125.1313983666228,,1.94134,,0.71302
     C/1904 Y1 (Giacobini),,,,2416800.5,1.000678,-2775.8834808,1.882049,99.5989,,,,
     C/1905 F1 (Giacobini),,,,2416955.5,0.9527773749167384,23.56086154999865,1.112605731614217,40.06682872116929,46.00911736838309,0.122745,9.0,0.5076
     C/1905 W1 (Schaer),,,,2417185.5,0.9861424994956642,75.84524855024577,1.051025570036502,140.5277688293237,150.639471530455,0.217253,8.0,1.3158
     C/1905 X1 (Giacobini),,,,2417223.5,1.0,,0.2158990655128478,43.65189737780521,,0.412945,,1.2631
     C/1906 B1 (Brooks),,,,2417263.5,0.9998535992031268,8853.993905399659,1.296231763260205,126.4424024259505,17706.69157903606,0.877647,,1.0501
     C/1906 E1 (Kopff),,,,2417315.5,1.001924237620919,-1735.821105734731,3.340132274839949,4.282821457500718,,2.35398,,0.84485
     C/1906 F1 (Ross),,,,2417262.9333,1.0,,0.722913,83.4615,,,,
     C/1906 V1 (Thiele),,,,2417553.5,0.9807740840795208,63.06355495637663,1.212454605237822,56.36867471236297,124.9146553075154,0.234332,7.0,1.2612
     C/1907 E1 (Giacobini),,,,2417658.5,1.000270837118413,-7574.738617411797,2.051520379871675,141.662287115662,,1.18024,,0.98585
     C/1907 G1 (Grigg-Mellish),,,,2417683.5,0.9852053828199392,62.42736069073134,0.9235889029809398,109.9510342350281,123.9311324784817,0.00312818,9.0,6.1795
     C/1907 L2 (Daniel),,,,2417845.5,0.9987674834806792,415.5542731834365,0.5121775063729215,8.957993146358199,830.5963688605,0.0584076,,1.0631
     C/1907 T1 (Mellish),,,,2417890.5,1.000085768807846,-11460.78575439955,0.9829779311326142,119.6373599813533,,0.317134,,0.7629
     C/1908 R1 (Morehouse),,,,2418244.5,1.000893519647715,-1058.049448830533,0.9453879707839922,140.173953716017,,0.0667498,,1.2621
     C/1909 L1 (Borrelly-Daniel),,,,2418495.5,0.9951910801358226,175.2785232034556,0.8429003719967805,52.08125808311996,349.7141460349145,0.170585,,1.0872
     C/1910 A1 (Great January comet),,,,2418705.5,0.9997801030496312,586.4495925628961,0.1289584769496926,138.7780238562125,1172.770226648842,0.029453,,1.0298
     C/1910 P1 (Metcalf),,,,2418927.5,0.9980649853188224,1006.317665831228,1.947239457311715,121.0420062978368,2010.688092205144,1.16104,,1.0556
     C/1911 N1 (Kiess),,,,2419247.5,0.9962766200566044,183.6581623148575,0.6838291180040257,148.4199271055019,366.6324955117109,0.00276612,,0.77224
     C/1911 O1 (Brooks),,,,2419275.5,0.9876278025396588,39.59018392133171,0.4898175729659427,33.34062465146176,78.69055026969747,0.416699,9.0,0.36064
     C/1911 S2 (Quenisset),,,,2419334.5,0.9969623571281672,259.196592199247,0.7873466806974337,108.0988222807134,517.6058377177965,0.0172055,,1.0565
     C/1911 S3 (Beljawsky),,,,2419320.5,1.000147,-2064.1088435,0.303424,96.4659,,,,
     C/1912 R1 (Gale),,,,2419725.5,1.000445945363336,-1605.757922210046,0.7160803000497582,79.8103744213171,,0.257022,,0.80856
     C/1912 V1 (Borrelly),,,,2419696.9584,1.0,,1.107108,124.6351,,,,
     C/1913 J1 (Schaumasse),,,,2419921.5,0.9967293129644446,445.4577938547869,1.45695303124798,152.3651026400365,889.4586346783258,0.577962,,0.92476
     C/1913 R1 (Metcalf),,,,2420049.5,0.9985536346232556,937.6760986008244,1.35622224361707,143.3555152632565,1873.995974958032,0.593092,,0.99239
     C/1913 Y1 (Delavan),,,,2420206.5,1.00014578651591,-7575.468576977323,1.104401170223346,68.04293173430897,,0.638316,,0.85306
     C/1914 F1 (Kritzinger),,,,2420272.5,1.000640549322664,-1871.219758014333,1.198608548551569,23.91980039316589,,0.41567,,1.0147
     C/1914 J1 (Zlatinsky),,,,2420280.5,1.000132125049815,-4111.176591490811,0.5431894119488555,112.9796523344993,,0.214217,,0.85753
     C/1914 M1 (Neujmin),,,,2420350.5,1.003245755808669,-1154.450314650544,3.747063814596675,71.0462624198826,,2.75302,,0.48096
     C/1914 S1 (Campbell),,,,2420452.5,0.9038339728957764,7.053170344726793,0.6782753705417023,76.85692474452995,13.42806531891189,0.150829,9.0,0.72852
     C/1915 C1 (Mellish),,,,2420678.5,1.00027442400529,-3663.395604197865,1.005323694666113,54.79164403962772,,0.333943,,0.93876
     C/1915 R1 (Mellish),,,,2420762.5,1.000943446906301,-491.120396584308,0.4633460187787822,52.41415443034447,,0.273275,,0.52084
     C/1916 G1 (Wolf),,,,2421379.5,0.999421832561246,2916.855377896259,1.686430803053937,25.65872680056235,5832.024324989465,0.811277,,0.83098
     C/1917 F1 (Mellish),,,,2421335.5,0.993029439409544,27.28569041552048,0.1901965582938094,32.68628345667515,54.38118427274716,0.0618889,5.0,0.6757
     C/1917 H1 (Schaumasse),,,,2421373.5,1.000064710793971,-11809.00177467609,0.76416988084517,158.7392670349381,,0.0146305,,1.1671
     C/1918 L1 (Reid),,,,2421750.8794,1.0,,1.101641,69.7093,,,,
     D/1918 W1 (Schorr),,,,2421932.5,0.4682912760063241,3.541534338039627,1.883064703858838,5.571980277110162,5.200003972220416,0.899725,7.0,0.51048
     C/1919 Q2 (Metcalf),,,,2422219.5,0.9997785887492252,5036.797426053535,1.115203618002338,46.38315800414978,10072.47964848907,0.102294,,1.27
     C/1919 Y1 (Skjellerup),,,,2422326.674,1.0,,0.29769,123.175,,,,
     C/1920 X1 (Skjellerup),,,,2422700.5,0.9940707014676404,193.5971375345701,1.147895223452719,22.03030292340758,386.0463798456875,0.184047,,4.7068
     C/1921 E1 (Reid),,,,2422789.5,1.000575704857689,-1751.685065417078,1.008453601302055,132.1887837042348,,0.294856,,0.9423
     C/1921 H1 (Dubiago),,,,2422830.5,0.934738163936042,17.10222288614106,1.11612246632461,22.3454025246227,33.08832330595752,0.3835,7.0,1.414
     C/1922 B1 (Reid),,,,2422991.2661,0.986968,125.0063689,1.629083,32.4456,248.3836549,,,
     C/1922 U1 (Baade),,,,2423399.5,1.000472786542865,-4777.354975523006,2.258669142916854,51.45570892343142,,1.55872,,0.7696
     C/1922 W1 (Skjellerup),,,,2423423.7232,0.993735,147.4205906,0.92359,23.3659,293.9175912,,,
     C/1923 T1 (Dubiago-Bernard),,,,2423741.8481,1.0,,0.777832,113.792,,,,
     C/1924 F1 (Reid),,,,2423840.5,0.998598,1252.2788873,1.755695,72.3273,2502.8020796,,,
     C/1924 R1 (Finsler),,,,2424056.5,0.9985300363658632,276.1369675936541,0.405911300403473,120.1138179934646,551.8680238869048,0.15559,,1.1272
     C/1925 F1 (Shajn-Comas Sola),,,,2424400.5,1.002432,-1719.0727796,4.180785,146.7131,,,,
     C/1925 F2 (Reid),,,,2424360.5,0.995116,334.4183047,1.633299,26.9797,667.2033103,,,
     C/1925 G1 (Orkisz),,,,2424240.5,1.000605,-1833.846281,1.109477,100.0224,,,,
     C/1925 V1 (Wilk-Peltier),,,,2424491.7674,1.000505,-1512.0178218,0.763569,144.598,,,,
     C/1925 W1 (Van Biesbroeck),,,,2424440.5,1.000382,-4100.1125654,1.566243,49.3307,,,,
     C/1925 X1 (Ensor),,,,2424558.4728,1.0,,0.322588,123.0003,,,,
     C/1926 B1 (Blathwayt),,,,2424520.5,0.992384,176.6645221,1.345477,128.2986,351.9835671,,,
     C/1927 A1 (Blathwayt),,,,2424918.5,1.0,,1.035782378393369,92.35652197611763,,0.247904,,1.0858
     C/1927 B1 (Reid),,,,2424913.5,1.001186340333735,-632.2225673998986,0.7500311316040593,83.66961501635866,,0.134898,,0.91398
     C/1927 E1 (Stearns),,,,2424998.5,1.001265119258339,-2912.831167457689,3.685078806240951,87.68954297443118,,2.69339,,0.59773
     C/1927 X1 (Skjellerup-Maristany),,,,2425240.5,0.99984,1100.98125,0.176157,85.1126,2201.786343,,,
     C/1929 Y1 (Wilk),,,,2425998.8098,0.999028,691.5997942,0.672235,124.5103,1382.5273535,,,
     C/1930 D1 (Peltier-Schwassmann-Wachmann),,,,2425992.1099,0.998131,581.6554307,1.087114,99.883,1162.2237474,,,
     C/1930 E1 (Beyer),,,,2426080.5,1.000524,-3966.8549618,2.078632,71.9693,,,,
     C/1930 F1 (Wilk),,,,2426080.5,0.992194,61.7230336,0.48181,67.1409,122.9642571,,,
     C/1930 L1 (Forbes),,,,2426133.5,1.0,,1.1528,97.0912,,,,
     C/1931 O1 (Nagata),,,,2426619.5,0.9784511602778916,48.54994353293177,1.046194951708566,42.30241346735011,96.05369211415498,0.162143,6.0,0.90389
     C/1931 P1 (Ryves),,,,2426560.5,0.999326,111.1632047,0.074924,169.2881,222.2514855,,,
     C/1932 G1 (Houghton-Ensor),,,,2426760.5,0.972127,45.005238,1.254431,74.2776,88.7560451,,,
     C/1932 H1 (Carrasco),,,,2426827.5,1.000105770060531,-21919.10018026692,2.318384552850102,58.08349554276007,,1.74014,,0.33794
     C/1932 M1 (Newman),,,,2426927.5,1.000493262239575,-3339.781254864535,1.647387981465154,78.38847306847423,,1.08792,,1.0483
     C/1932 M2 (Geddes),,,,2427167.5,0.9992944636212684,3277.828380586011,2.312627165741982,124.9768975087974,6553.34413400628,1.38551,,0.70736
     C/1932 P1 (Peltier-Whipple),,,,2426950.5,0.9768933715523872,44.88896820497835,1.037232709709144,71.72328481045028,88.74070370024755,0.144785,6.0,1.1438
     C/1932 Y1 (Dodwell-Forbes),,,,2427092.5,0.9721601688118112,40.6167950686096,1.13076471811535,24.50246046133467,80.10282541910387,0.204037,6.0,0.94703
     C/1933 D1 (Peltier),,,,2427132.5,0.9999987288461322,787220.7111333035,1.000678651794773,86.68037351127141,1574440.421587955,0.164492,,1.0004
     C/1935 A1 (Johnson),,,,2427861.5,0.9912972447868458,93.2052341290739,0.8111423372100578,65.42363655435526,185.5993259209377,0.14901,5.0,1.1118
     C/1935 M1 (Jackson),,,,2427687.4205,1.0,,3.4857,141.9494,,,,
     C/1935 Q1 (Van Biesbroeck),,,,2428280.5,1.002045,-1977.2171149,4.043409,66.1122,,,,
     C/1936 K1 (Peltier),,,,2428353.5,0.9919545887103558,136.7090184922892,1.099880280774041,78.54741574991213,272.3181567038043,0.16596,,0.84069
     C/1936 O1 (Kaho-Kozik-Lis),,,,2428360.5,0.994389,92.390483,0.518403,121.9417,184.262563,,,
     C/1937 C1 (Whipple),,,,2428675.5,1.000162271189241,-10684.39024184528,1.733768710859798,41.5517215216521,,1.05154,,0.88615
     C/1937 D1 (Wilk),,,,2428609.5,0.9806432597192334,31.97282486261022,0.6188896669079835,26.01402274001816,63.32676005831245,0.257303,7.0,0.72642
     C/1937 N1 (Finsler),,,,2428741.5,1.000378456983414,-2279.646632002494,0.8627481875975224,146.4133559259673,,0.132362,,0.86092
     C/1937 P1 (Hubble),,,,2428480.5,0.972499,71.0394895,1.953657,11.5806,140.1253219,,,
     C/1939 B1 (Kozik-Peltier),,,,2429302.5,0.9954512374866702,157.5119659861331,0.7164845262786019,63.5263889552737,314.3074474459876,0.258804,,0.87394
     C/1939 H1 (Jurlof-Achmarof-Hassel),,,,2429390.5,0.991503163590178,62.17079435019512,0.5282550690622948,138.1678518210673,123.813333631328,0.0128099,7.0,0.95432
     C/1939 V1 (Friend),,,,2429600.5,0.997192,336.6128917,0.945209,92.952,672.2805745,,,
     C/1940 O1 (Whipple-Paraskevopoulos),,,,2429920.5,0.980843,56.4925615,1.082228,54.6906,111.9028949,,,
     C/1940 R2 (Cunningham),,,,2430000.5,1.000485,-758.2494845,0.367751,49.8942,,,,
     C/1940 S1 (Okabayasi-Honda),,,,2429840.5,1.001459,-727.736806,1.061768,133.1141,,,,
     C/1941 B1 (Friend-Reese-Honda),,,,2430014.8778,0.981221,50.1551733,0.941864,26.2756,99.3684827,,,
     C/1941 B2 (de Kock-Paraskevopoulos),,,,2430040.5,0.999102,879.7694878,0.790033,168.2039,1758.7489425,,,
     C/1941 K1 (van Gent),,,,2430240.5,1.000243,-3599.9547325,0.874789,94.5165,,,,
     C/1942 C1 (Whipple-Bernasconi-Kulin),,,,2430447.5,1.001018733305793,-1418.765902764852,1.445344078269943,79.45403386166006,,0.62195,,0.12852
     C/1942 C2 (Oterma),,,,2430503.5,1.00118200911091,-3480.011262112296,4.113405017886291,172.5143202415896,,3.13038,,0.28908
     C/1942 EA (Vaisala),,,,2430440.5,0.9268325022462542,17.6099437929709,1.288475522915787,37.86476012545564,33.931412063026,0.33609,9.0,0.40987
     C/1942 X1 (Whipple-Fedtke-Tevzadze),,,,2430760.5,0.992196,173.4555356,1.353647,19.7127,345.5574242,,,
     C/1943 R1 (Daimaca),,,,2430958.0465,1.0,,0.7583,161.3186,,,,
     C/1943 W1 (van Gent-Peltier-Daimaca),,,,2431061.5,0.9995129968874484,1795.167781507711,0.8742522971463439,136.1832972015461,3589.461310718276,0.033499,,0.91384
     C/1944 H1 (Vaisala),,,,2431201.5,0.9932232818359586,355.8021216989701,2.411170700921862,17.30490046005432,709.1930726970182,1.44959,,0.16752
     C/1944 K2 (van Gent),,,,2431280.5,1.002085,-1067.593765,2.225933,95.0056,,,,
     C/1945 L1 (du Toit),,,,2431592.6456,1.0,,0.998063,156.508,,,,
     C/1945 W1 (Friend-Peltier),,,,2431806.781,1.0,,0.19435,49.48,,,,
     C/1945 X1 (du Toit),,,,2431817.4652,1.0,,0.007516,141.8734,,,,
     C/1946 C1 (Timmers),,,,2431920.5,1.001169,-1474.8751069,1.724129,72.8427,,,,
     C/1946 K1 (Pajdusakova-Rotbart-Weber),,,,2431981.5,0.9994347400867232,1801.67104723092,1.018412419910921,169.5598101545441,3602.323682041929,0.0303089,,0.36366
     C/1946 P1 (Jones),,,,2432262.5,1.000978423487424,-1161.030280374306,1.135979295928624,56.96488091901994,,0.24804,,0.81457
     C/1946 U1 (Bester),,,,2432197.5,1.000611887328799,-3934.834500292184,2.407675371650016,108.1758067235658,,1.42864,,0.52704
     C/1947 F1 (Rondanina-Bester),,,,2432293.5,0.997276911002824,205.5799250128057,0.559812431842614,39.29159034209429,410.6000375937687,0.217941,,0.36958
     C/1947 F2 (Becvar),,,,2432289.5,1.0,,0.961893288300247,129.1719029445965,,0.0246442,,0.40165
     C/1947 K1 (Bester),,,,2432329.5,1.000000894631009,-1568296.01082282,1.40304624265441,111.4294374206732,,0.392874,,0.68747
     C/1947 O1 (Wirtanen),,,,2432639.5,1.016751581500223,-167.6188466008631,2.807880769807742,97.32480222740432,,1.80275,,3.9934e-09
     C/1947 S1 (Bester),,,,2432557.5,1.00034321036687,-2179.79962867423,0.7481298302601674,140.5686763019341,,0.26121,,0.58442
     C/1947 V1 (Honda),,,,2432528.5,1.001358053405969,-554.5030480614481,0.7530447530400145,106.2853996315008,,0.118115,,1.5746
     C/1947 X1-A (Southern comet),,,,2432538.5,0.9998429159440214,700.291987232512,0.1100047057237862,138.5113764924656,1400.4739697593,0.255238,,0.33666
     C/1947 X1-B (Southern comet),,,,2432520.5,0.999629,296.5579515,0.110023,138.5332,593.00588,,,
     C/1947 Y1 (Mrkos),,,,2432836.5,1.000412323925902,-3637.212893537454,1.499709899604585,77.51234854308005,,0.843599,,0.04074
     C/1948 E1 (Pajdusakova-Mrkos),,,,2432981.5,1.000930127030383,-2265.428601262155,2.107136377436629,92.91766091339318,,1.54895,,0.75868
     C/1948 L1 (Honda-Bernasconi),,,,2432727.5,1.001030099346672,-200.5405887063328,0.206576729407629,23.19008415625071,,0.0770317,,0.7423
     C/1948 N1 (Wirtanen),,,,2433356.5,0.9994596478027756,4658.939225154696,2.517468047046625,130.2676031364743,9315.360982262346,1.69935,,0.32408
     C/1948 R1 (Johnson),,,,2432650.4538,1.0,,4.70838,53.2325,,,,
     C/1948 T1 (Wirtanen),,,,2433246.5,1.000697151956921,-4687.881007056624,3.268165417882285,155.0784260245054,,2.39509,,0.2039
     C/1948 V1 (Eclipse comet),,,,2432926.5,0.9999139951476824,1574.787177635069,0.1354393386439452,23.11627214557107,3149.438915931495,0.188259,,0.95237
     C/1948 W1 (Bester),,,,2432840.5,0.997499,509.167533,1.273428,87.6054,1017.061638,,,
     C/1949 K1 (Johnson),,,,2433565.5,1.00071558624422,-3567.81445947565,2.553078949130271,131.3516576039044,,1.67507,,0.58215
     C/1949 N1 (Bappu-Bok-Newkirk),,,,2433411.5,0.9987821828125908,1690.114081380065,2.058249976986783,105.7677854995071,3378.169912783144,1.79606,,0.72925
     C/1950 K1 (Minkowski),,,,2433689.5,1.001217461389366,-2112.865342164013,2.572331975014417,144.1552994448178,,1.57638,,0.53774
     C/1951 C1 (Pajdusakova),,,,2433722.5,1.0,,0.7190609507128092,87.89674413505469,,0.0326829,,0.75431
     C/1951 G1 (Groeneveld),,,,2433738.5,1.012974499044865,-279.400391592461,3.6250801138513,18.65099674960366,,2.61899,,0.30117
     C/1951 G2 (Groeneveld-Palomar),,,,2433750.5,1.000900942788971,-4038.551573948786,3.638503918436703,170.6540046812123,,2.6422,,0.49126
     C/1951 P1 (Wilson-Harrington),,,,2433902.5,0.9997751384857462,3292.688104274679,0.7403988330927667,152.5313394318703,6584.635809716264,0.188105,,0.70018
     D/1952 B1 (Harrington-Wilson),,,,2434058.5,0.5143270327661007,3.428040606648411,1.66490665322923,16.3524015150941,5.191174560067592,0.687581,8.0,0.1974
     C/1952 H1 (Mrkos),,,,2434195.5,0.9834479881008624,77.50159041083582,1.282807246682241,112.0345427662276,153.7203735749894,0.371201,6.0,0.73627
     C/1952 M1 (Peltier),,,,2434232.5,0.99975207619408,4848.007631903878,1.201936503230722,45.55273790640106,9694.813327304524,0.667002,,0.79278
     C/1952 Q1 (Harrington),,,,2434343.5,0.9959529216343146,411.4047514789111,1.664987269250483,59.11667343400153,821.1445156885718,0.685288,,0.22663
     C/1952 W1 (Mrkos),,,,2434501.5,1.000191238331412,-4066.956180723012,0.7777579139271542,97.176622025011,,0.176595,,0.12196
     C/1953 G1 (Mrkos-Honda),,,,2434567.5,0.9974650942515167,403.2210469588776,1.022127349845494,93.85697605916248,805.4199665679097,0.602069,,0.22657
     C/1953 T1 (Abell),,,,2434830.5,1.000811949946325,-1194.882510244985,0.9701847900581596,53.22829065415169,,0.0111003,,0.95768
     C/1953 X1 (Pajdusakova),,,,2434723.5,0.9999966978142102,21896.35784654374,0.0723058417294686,13.57093059135179,43792.64338724575,0.187929,,0.21976
     C/1954 M1 (Harrington),,,,2434948.5,0.9993577649332214,3208.952311178534,2.060901701859182,136.6439364344292,6415.843720655209,1.04464,,0.58334
     C/1954 M2 (Kresak-Peltier),,,,2434957.5,1.000226169430101,-3300.044138038741,0.7463691020080301,88.53955010387051,,0.130233,,0.30694
     C/1954 O1 (Vozarova),,,,2435055.5,1.073650629426197,-10.60661115680542,0.7811835877776417,115.1835908358986,,0.200543,,0.12931
     C/1954 O2 (Baade),,,,2435369.5,1.000558520047794,-6928.925767900527,3.869943951048865,100.3877359130542,,3.02944,,0.37484
     C/1954 Y1 (Haro-Chavira),,,,2435699.5,1.004602918507734,-885.7389043347705,4.076983995782628,79.60083698060514,,3.46373,,0.55243
     C/1955 G1 (Abell),,,,2435336.5,1.001767775017505,-2543.43788929692,4.496225959274523,123.931312011867,,3.92295,,0.38344
     C/1955 L1 (Mrkos),,,,2435302.5,0.9892134956255172,49.54047782041923,0.5343685807239261,86.5030098745164,98.54658706011452,0.398973,6.0,0.7632
     C/1955 N1 (Bakharev-Macfarlane-Krienke),,,,2435335.5,0.9942486177853214,248.1927979233151,1.427451643787483,50.03395733633639,494.9581442028427,0.426127,,0.33995
     C/1955 O1 (Honda),,,,2435359.5,1.001111040009518,-796.2047069981204,0.8846152852414721,107.523426624421,,0.1143,,0.40658
     C/1956 E1 (Mrkos),,,,2435568.5,1.0,,0.8422399999999999,147.4519,,0.235851,,1.4385
     C/1956 F1-A (Wirtanen),,,,2436080.5,1.002745,-1620.1318761,4.447262,33.2017,,,,
     C/1956 R1 (Arend-Roland),,,,2436028.5,1.000248060637703,-1274.056032326643,0.3160431518484373,119.9443013099645,,0.238698,,0.60155
     C/1957 P1 (Mrkos),,,,2436272.5,0.9993380057448968,536.1618638570867,0.3549360736788535,93.9567401962758,1071.968791640495,0.521004,,0.20317
     C/1957 U1 (Latyshev-Wild-Burnham),,,,2436177.6293,1.0,,0.53913,156.7154,,,,
     C/1958 D1 (Burnham),,,,2436319.5,0.9999161058372809,15766.14293390163,1.322687360751788,15.7879397491576,31530.96318044251,0.339129,,0.33021
     C/1958 R1 (Burnham-Slaughter),,,,2436679.5,0.999844920770664,10499.1606466936,1.628201741765237,61.25735988157741,20996.69309164543,1.15786,,0.49982
     C/1959 O1 (Bester-Hoffmeister),,,,2436760.5,1.002679,-466.7913401,1.250534,12.8322,,,,
     C/1959 Q1 (Alcock),,,,2436832.5,1.001309059245038,-878.8068005831883,1.150410166905681,48.25893988626557,,0.367653,,0.25791
     C/1959 Q2 (Alcock),,,,2436815.5,1.000431207331336,-384.520509608663,0.1658080627922902,108.0357262988652,,0.161471,,0.82011
     C/1959 X1 (Mrkos),,,,2437072.5,0.9999887707362004,111604.9329201001,1.253241233083492,19.6361634078066,223208.6125989671,0.455803,,0.20495
     C/1959 Y1 (Burnham),,,,2437028.5,1.000297762958443,-1694.000993173434,0.5044107473328405,159.600858870359,,0.194728,,1.1105
     C/1960 B1 (Burnham),,,,2436988.5,0.9998319871074433,6968.371766505888,1.170776296902189,69.4997738088619,13935.57275671488,0.786158,,0.32237
     C/1960 M1 (Humason),,,,2437245.5,1.000333309647848,-12803.52870793727,4.267539644853636,125.4739352815224,,3.44564,,0.47445
     C/1960 Y1 (Candy),,,,2437308.5,0.9303366228665144,15.02537908325066,1.046718649650078,151.174695204052,29.00403951685124,0.15216,9.0,0.13827
     C/1961 O1 (Wilson-Hubbard),,,,2437565.5,0.999919124121754,496.1360618056086,0.0401254397280461,24.21215784526208,992.2319981714892,0.367285,,0.19434
     C/1961 R1 (Humason),,,,2438161.5,0.9896140999299065,205.4198207618089,2.133469730848697,153.277926348577,408.7061717927691,1.2247,,0.43989
     C/1961 T1 (Seki),,,,2437615.5,0.9921500249394626,86.77759004342869,0.6812019176544553,155.7128581168566,172.8739781692029,0.0841273,6.0,0.37343
     C/1962 C1 (Seki-Lines),,,,2437814.5,1.000004460412146,-7039.189218761485,0.0313976850899117,65.01448207761743,,0.140878,,0.7805
     C/1962 H1 (Honda),,,,2437796.5,1.0,,0.6530851148458818,72.8729631396983,,0.0118501,,0.30542
     C/1963 A1 (Ikeya),,,,2438145.5,0.9933842474710544,95.55069898115204,0.6321397784270697,160.6488370387985,190.4692581838771,0.236427,3.0,0.36804
     C/1963 F1 (Alcock),,,,2438164.5,0.9979195023895624,738.8042234190432,1.537080421404611,86.21879340953434,1476.071366416682,0.632296,,0.32405
     C/1963 R1 (Pereyra),,,,2438327.5,0.9999449154648058,91.14946258545557,0.0050209257797214,144.5948157082143,182.2939042451314,0.555616,5.0,0.34811
     C/1964 L1 (Tomita-Gerber-Honda),,,,2438628.5,0.995931673140822,122.9892914718088,0.5003606378860337,161.8322670371411,245.4782223057316,0.158206,,0.43544
     C/1964 N1 (Ikeya),,,,2438604.5,0.9852990882609368,55.89732893566899,0.8217416991326463,171.9194374096599,110.9729161722053,0.0406543,6.0,0.47662
     C/1964 P1 (Everhart),,,,2438682.5,0.9964961876654772,359.4024014707089,1.259278567330183,67.96901184538898,717.5455243740877,0.278269,,0.37111
     C/1965 S1-A (Ikeya-Seki),,,,2439040.5,0.999915,91.6,0.007786,141.8642,183.192214,,,
     C/1965 S1-B (Ikeya-Seki),,,,2439040.5,0.999925,103.7066667,0.007778,141.861,207.4055553,,,
     C/1965 S2 (Alcock),,,,2439044.5,1.000344770029224,-3753.106898135841,1.293958774951322,65.01079911557514,,0.361573,,0.63757
     C/1966 P1 (Kilston),,,,2439377.5,0.9994802490474536,4588.291435143723,2.384768843976003,40.26453558158772,9174.19810144347,1.41655,,0.50274
     C/1966 P2 (Barbon),,,,2439381.5,0.9981100105532956,1068.123027826723,2.018741250374431,28.70761554007354,2134.227314403071,1.09122,,0.44888
     C/1966 R1 (Ikeya-Everhart),,,,2439391.5,1.000046376510125,-19014.6526853997,0.8818332327890895,48.27887562781181,,0.0770385,,0.68622
     C/1966 T1 (Rudnicki),,,,2439448.5,1.000390185164211,-1074.385462945797,0.4192092682853801,9.07980814275576,,0.000624247,,0.728
     C/1967 C1 (Seki),,,,2439535.5,0.999902934388138,4712.068054059378,0.457379768802979,106.4684260317953,9423.678728349953,0.476282,,0.82105
     C/1967 C2 (Wild),,,,2439556.5,1.0,,1.327154232154989,99.10507629044324,,0.346365,,0.82637
     C/1967 M1 (Mitchell-Jones-Gerber),,,,2439694.5,1.0,,0.1782497333279935,56.70804289838751,,0.358701,,0.55125
     C/1967 Y1 (Ikeya-Seki),,,,2439933.5,0.9991563598464096,2011.021687350583,1.696578645190065,129.3153394848853,4020.346796055976,1.06751,,0.48904
     C/1968 H1 (Tago-Honda-Yamamoto),,,,2439993.5,0.996216152871532,179.8107940653798,0.6803765567918421,102.170260827142,358.9412115739677,0.16349,,0.7473
     C/1968 L1 (Whitaker-Thomas),,,,2440039.5,1.0,,1.234006210401463,61.76736765379164,,0.22212,,0.87334
     C/1968 N1 (Honda),,,,2440103.5,1.000716341929664,-1619.950395726935,1.160438392435118,143.2382540575698,,0.616517,,0.48176
     C/1968 Q1 (Bally-Clayton),,,,2440118.5,1.0,,1.771093642403217,93.16937674429784,,0.828435,,0.62741
     C/1968 Q2 (Honda),,,,2440151.5,1.0,,1.099008155660729,127.9125237981974,,0.522311,,0.51422
     C/1968 U1 (Wild),,,,2440153.5,0.9999357667285168,40525.05630833709,2.603056943720637,135.132950073001,81047.50955973046,1.98457,,0.51369
     C/1968 Y1 (Thomas),,,,2440266.5,0.9953022373666104,705.8886953773932,3.316097536476139,45.22934648663867,1408.46129321831,2.69991,,0.66096
     C/1969 O1-A (Kohoutek),,,,2440680.5,0.999125,1964.6685714,1.719085,86.3128,3927.6180579,,,
     C/1969 P1 (Fujikawa),,,,2440479.5,1.0,,0.7739190138811818,8.92520148862098,,0.0109357,,0.75614
     C/1969 T1 (Tago-Sato-Kosaka),,,,2440607.5,0.9999261768154586,6402.315951414598,0.4726393519736965,75.81774999845335,12804.15926347722,0.000573579,,0.45717
     C/1969 Y1 (Bennett),,,,2440688.5,0.9962932802768788,145.039330295332,0.5376201462339973,90.03981104585797,289.5410404444301,0.468979,,0.76872
     C/1970 B1 (Daido-Fujikawa),,,,2440621.5,1.000019131986975,-3436.43407996923,0.0657458120580609,100.1828069273288,,0.719953,,0.60043
     C/1970 K1 (White-Ortiz-Bolelli),,,,2440735.5,0.9999491097153224,173.7867690154248,0.0088440581484023,138.952248874754,347.5646939727012,0.490143,,0.82894
     C/1970 N1 (Abe),,,,2440870.5,1.000036917060185,-30136.21715089944,1.112540542309455,126.7199098159451,,0.615955,,0.5203
     C/1970 U1 (Suzuki-Sato-Seki),,,,2440890.5,1.0,,0.405492588951436,60.78505008715096,,0.519232,,0.73123
     C/1971 E1 (Toba),,,,2441079.5,1.000977557448894,-1261.66097023244,1.233346079429477,109.6842366415511,,0.281356,,0.75289
     C/1971 M1 (Edwards),,,,2441136.5,1.0,,2.881428578749651,97.14923648416678,,2.08325,,1.1127
     C/1972 E1 (Bradfield),,,,2441431.5,0.9981407981213752,498.7184341668502,0.9272182497077516,123.6926884485779,996.5096500839926,0.358281,,0.57921
     C/1972 F1 (Gehrels),,,,2441534.5,0.997885987019788,1549.882081043533,3.276470837124134,175.6107452139865,3096.487691249941,2.26422,,0.58943
     C/1972 L1 (Sandage),,,,2441601.5,1.00634381107676,-674.0019050598783,4.275740751076174,79.3680602292075,,3.63757,,0.60106
     C/1972 U1 (Kojima),,,,2441701.5,1.001042511509785,-2059.482629497485,2.147034345453323,141.8555582082213,,1.20078,,0.5638
     C/1972 X1 (Araya),,,,2441860.5,0.9994972513282409,9668.52814727857,4.860839683910214,113.0899588614154,19332.19545487323,4.54899,,0.36936
     C/1973 A1 (Heck-Sause),,,,2441743.5,1.000573187341504,-4380.958906277203,2.511110188727399,138.6301497499886,,1.52726,,0.57756
     C/1973 D1 (Kohoutek),,,,2441792.5,0.9987497307459786,1105.378577129889,1.382020849039407,121.5980626538528,2209.375133410738,0.835185,,0.55879
     C/1973 E1 (Kohoutek),,,,2442022.5,1.000007809885518,-18236.50704838456,0.1424250322974156,14.3041449344601,,0.029043,,0.60804
     C/1973 H1 (Huchra),,,,2441832.5,0.9729413418634796,88.11374311843913,2.384239652171013,48.32962519850134,173.8432465847073,1.61894,6.0,0.69559
     C/1973 N1 (Sandage),,,,2442105.5,1.000225701128461,-21320.45783684162,4.812051393080041,137.4036266401655,,4.08374,,0.95613
     C/1973 W1 (Gibson),,,,2442129.5,1.000460502403451,-8343.718944462342,3.842302627644287,108.0646651988348,,3.03963,,0.30592
     C/1974 C1 (Bradfield),,,,2442157.5,0.999734032997065,1891.926449340546,0.5031900075045974,61.28458066033681,3783.349708673587,0.444052,,0.6687
     C/1974 F1 (Lovas),,,,2442514.5,0.9997974850797962,14870.37985919716,3.011473790586171,50.64840730503181,29737.74824460374,2.45542,,0.5108
     C/1974 O1 (Cesco),,,,2442280.5,0.9793820502573028,66.58728950439095,1.372893388503958,173.158462853305,131.801685620278,0.366187,7.0,0.43659
     C/1974 V1 (van den Bergh),,,,2442486.5,1.003665020178786,-1642.329255504068,6.019169861633006,60.85617054614717,,5.10694,,0.43628
     C/1974 V2 (Bennett),,,,2442370.5,0.999910263666842,9635.426689763874,0.8646478595532839,134.8270076445731,19269.9887316682,0.035567,,0.65778
     C/1975 E1 (Bradfield),,,,2442574.5,1.001406387646928,-865.2988935698964,1.21694567481709,55.24387883063348,,0.74345,,0.61062
     C/1975 N1 (Kobayashi-Berger-Milon),,,,2442633.5,1.000091759247564,-4637.8336055843,0.4255641219754202,80.78130071232948,,0.258689,,0.64525
     C/1975 T1 (Mori-Sato-Fujikawa),,,,2442764.5,0.9974574507630244,630.8368476814054,1.603933745728527,91.60772120237024,1260.069761617082,1.02501,,0.61374
     C/1975 T2 (Suzuki-Saigusa-Mori),,,,2442716.5,0.985601400550175,58.20377016200999,0.8380527730324591,118.232772184739,115.5694875509875,0.0998636,6.0,0.75123
     C/1975 V1-A (West),,,,2442908.5,1.000016087612074,-12220.27033136355,0.1965949685310734,43.07404350452942,,0.554741,,0.7206
     C/1975 V2 (Bradfield),,,,2442768.5,1.000015384247748,-14217.18567459166,0.218720706696388,70.62616034845553,,0.796211,,0.70013
     C/1975 X1 (Sato),,,,2442765.5,1.001508000860778,-572.9243483803416,0.8639704105182059,93.95712190458552,,0.0294058,,0.8858
     C/1976 D1 (Bradfield),,,,2442845.5,0.9934253258175996,128.9482333223584,0.8477926204906571,46.83093509134207,257.0486740242262,0.0142453,,0.86955
     C/1976 D2 (Schuster),,,,2442967.5,1.001119473822938,-6145.36091414294,6.879570675889903,112.0269064312303,,5.89944,,0.38196
     C/1976 E1 (Bradfield),,,,2442849.5,0.9998706957617284,5245.712828456872,0.6782929014758708,147.7782128671691,10490.74736401227,0.19019,,1.4038
     C/1976 J1 (Harlan),,,,2442956.5,0.9997424038044463,6090.35137077217,1.568851342695225,38.80562820444288,12179.13389020164,0.565211,,0.70969
     C/1976 U1 (Lovas),,,,2443179.5,1.003668373896987,-1596.751643779466,5.857482050011569,86.62865480500723,,5.32459,,0.59364
     D/1977 C1 (Skiff-Kosai),,,,2443197.5,0.2591711212170127,3.846712191009733,2.849755479466589,3.201388343517217,4.843668902552877,1.8665,7.0,0.12052
     C/1977 D1 (Lovas),,,,2443268.5,1.003403581752244,-1679.405282318083,5.715993173519972,64.52228501434335,,4.85103,,0.54599
     C/1977 H1 (Helin),,,,2443255.5,0.9999924884560688,148777.2588863746,1.117546916071029,43.19493843748117,297553.4002258332,0.442445,,0.95021
     C/1977 R1 (Kohler),,,,2443448.5,0.9995493480893816,2198.096722725135,0.9905764878202094,48.71186547368851,4395.202868962449,0.00879713,,0.64995
     C/1977 V1 (Tsuchinshan),,,,2443513.5,0.9993960687653128,5966.223620642705,3.603188797635113,168.5487062776265,11928.84405248778,2.62414,,0.55025
     C/1978 A1 (West),,,,2443593.5,1.002695108937016,-2080.153010847891,5.606238969896822,116.9210445079933,,4.63017,,0.52503
     C/1978 C1 (Bradfield),,,,2443562.5,1.0,,0.4365735880611376,51.08672373009114,,0.419826,,0.50589
     C/1978 G2 (McNaught-Tritton),,,,2443748.5,1.004626711956858,-1358.272229267541,6.284334363820212,153.1809567823259,,5.34909,,0.21209
     C/1978 H1 (Meier),,,,2443855.5,1.000849678502475,-1337.59564865687,1.136526267667807,43.7613810065378,,0.330389,,0.58384
     D/1978 R1 (Haneda-Campos),,,,2443773.5,0.6652372694513079,3.290147809411549,1.101418864587408,5.947351676725304,5.47887675423569,0.134921,6.0,0.70003
     C/1978 R3 (Machholz),,,,2443814.5,1.000281438614087,-6294.758943435661,1.771588233052446,130.6364263806672,,0.942073,,0.6567
     C/1978 T1 (Seargent),,,,2443796.5,0.9983332473562874,221.9141236026897,0.3698759521919549,67.82827521718407,443.4583712531875,0.59916,,0.65821
     C/1978 T3 (Bradfield),,,,2443800.5,0.999999211314187,547482.5766629782,0.4317917410740108,138.2678564281347,1094964.721534215,0.229272,,0.98187
     C/1979 M1 (Bradfield),,,,2444088.5,1.000032140854782,-12856.43385310782,0.4132167734883136,136.2287207444014,,0.358649,,0.98578
     C/1979 M3 (Torres),,,,2444069.5,1.001024344919965,-4575.484904733566,4.686874718540132,92.178306499438,,3.68339,,0.61144
     C/1979 Q1 (SOLWIND),,,,2444116.449,1.0,,0.0048,141.456,,,,
     C/1979 S1 (Meier),,,,2444179.5,0.9729983601237788,53.03226659622334,1.431958164450982,67.07939296523126,104.6325750279957,0.829045,5.0,0.86557
     C/1979 Y1 (Bradfield),,,,2444263.5,0.9880381363652364,45.58664557893659,0.5453012379815432,148.6025329128723,90.62798991989165,0.0671385,6.0,0.85945
     C/1980 E1 (Bowell),,,,2444972.5,1.057732866190401,-58.26732824709546,3.363939864961739,1.661741742960259,,2.35052,,0.60588
     C/1980 L1 (Torres),,,,2444445.5,1.000179498734231,-14395.12652321692,2.58390699001187,73.14805939142283,,1.63388,,0.4671
     C/1980 O1 (Cernis-Petrauskas),,,,2444480.5,1.0,,0.5228969332008477,49.06823467734265,,0.435453,,0.96629
     C/1980 R1 (Russell),,,,2444525.5,1.001824915619049,-1157.557625769616,2.112444991216334,128.7065269601819,,1.40873,,0.79768
     C/1980 V1 (Meier),,,,2444618.5,0.9945974719402652,281.2560430033608,1.519493664295616,100.985508487787,560.9925923424261,1.20875,,0.78624
     C/1980 Y1 (Bradfield),,,,2444630.5,0.9997253771673678,946.1102111516036,0.259823466168743,138.5851793695298,1891.960598837039,0.600661,,0.75197
     C/1980 Y2 (Panther),,,,2444661.5,0.9986571433516916,1234.075621500838,1.657186652847665,82.64612769436714,2466.494056348828,1.18025,,0.64297
     C/1981 B1 (SOLWIND),,,,2444631.6,1.0,,0.00792,140.676,,,,
     C/1981 G1 (Elias),,,,2444992.5,1.001402143036618,-3382.426552361667,4.74264583726577,115.3003461297872,,3.99904,,0.41779
     C/1981 H1 (Bus),,,,2444756.5,0.9988615388734174,2159.137236031907,2.458093810179234,160.6636796929077,4315.816378253635,1.45931,,0.72849
     C/1981 M1 (Gonzalez),,,,2444823.5,0.9993513433653152,3597.566450393846,2.333585346767921,107.1448678549008,7192.799315440924,1.32138,,0.65633
     C/1981 O1 (SOLWIND),,,,2444805.836,1.0,,0.00612,141.706,,,,
     C/1981 V1 (SOLWIND),,,,2444913.032,1.0,,0.0045,143.847,,,,
     C/1981 W1 (SOLWIND),,,,2444929.11,1.0,,0.0048,135.48,,,,
     C/1982 M1 (Austin),,,,2445217.5,0.9993961712201156,1072.84084563687,0.6478121788309483,84.49498334186687,2145.033879094909,0.293237,,0.77931
     C/1983 H1 (IRAS-Araki-Alcock),,9.2,0.02,2445467.5,0.989887820877704,98.03435675076732,0.9913409756028386,73.25137867780242,195.0773725259318,0.00583558,4.0,0.77369
     C/1983 J1 (Sugano-Saigusa-Fujikawa),,,,2445469.5,0.999901547872362,4784.905649622367,0.47108414175259,96.62288425333152,9569.340215102982,0.0485751,,0.81865
     C/1983 J2 (IRAS),,,,2445484.5,0.9947161240391228,268.1105994065399,1.416663151060624,152.1734647460445,534.8045356620191,0.514116,,0.69635
     C/1983 N1 (IRAS),,,,2445694.5,0.999369618581692,3835.86420759112,2.418057519618018,138.832958703017,7669.310357662623,1.77587,,0.52875
     C/1983 N2 (SOLWIND),,,,2445523.39,1.0,,0.0049,142.23,,,,
     C/1983 O1 (Cernis),,,,2445833.5,1.001526423823479,-2173.674289284379,3.317948219647231,134.6953030232434,,2.3266,,0.59247
     C/1983 O2 (IRAS),,,,2445755.5,1.000129774918284,-17374.67364222925,2.254796852132014,120.7360090973635,,1.31289,,0.70105
     C/1983 R1 (Shoemaker),,,,2445673.5,1.000199231156927,-16789.10132419622,3.344912080584129,137.5972577774534,,2.33792,,0.66051
     C/1983 S2 (SOLWIND),,,,2445602.688,1.0,,0.00753,143.987,,,,
     C/1984 A1 (Bradfield 1),,,,2445755.5,0.9523151691976424,28.46797339795019,1.357490494767276,51.80056575868125,55.57845630113309,0.478614,6.0,0.5162
     C/1984 K1 (Shoemaker),,,,2446470.5,1.000722750789815,-3730.894921487908,2.696507251222518,116.6654291977496,,1.98437,,0.60346
     C/1984 N1 (Austin),,,,2445956.5,0.999848381661095,1921.159758345406,0.2912830513314226,164.1531608541596,3842.028233639481,0.236468,,0.879
     C/1984 O2 (SOLWIND),,,,2445910.056,1.0,,0.01541,136.386,,,,
     C/1984 Q1 (SOLWIND),,,,2445935.72,1.0,,0.0049,144.14,,,,
     C/1984 R1 (SOLWIND),,,,2445960.92,1.0,,0.1051,36.92,,,,
     C/1984 S1 (Meier),,,,2445966.5,0.9989803221394052,840.0769521932168,0.856607869347438,145.6144830890252,1679.297296517086,0.0439605,,1.2937
     C/1984 U1 (Shoemaker),,,,2446231.5,0.9944083726612496,981.6660429081828,5.489110683048431,179.2123013434819,1957.842975133317,4.49915,,0.6849
     C/1984 U2 (Shoemaker),,,,2446068.5,0.970910096789837,41.75033530644063,1.21451321305621,13.88136719631063,82.28615739982504,0.290986,4.0,0.72407
     C/1984 V1 (Levy-Rudenko),,,,2446071.5,0.9992110362224068,1163.486000129168,0.9179483098386968,65.71461395786685,2326.054051948498,0.423998,,0.84312
     C/1984 W2 (Hartley),,,,2446479.5,0.9994729519918752,7589.981411667239,4.000284584723119,89.32693896201644,15175.96253874975,3.64613,,0.70355
     C/1985 K1 (Machholz),,,,2446235.5,1.0,,0.1062503320789703,16.2764792831799,,0.2078,,0.69962
     C/1985 R1 (Hartley-Good),,,,2446371.5,0.9998872234733124,6158.910454459494,0.6945805292340071,79.92954402939705,12317.12632838976,0.221129,,0.72989
     C/1985 T1 (Thiele),,,,2446415.5,0.983282486979934,78.78809300675577,1.317140970666608,139.0692832678015,156.2590450428449,0.514308,3.0,0.73639
     C/1986 E1 (Shoemaker),,,,2446598.5,0.9468403243579108,67.60497153908695,3.593858358810529,159.8084469070837,131.6160847193634,2.65686,4.0,0.59391
     C/1986 N1 (Churyumov-Solodovnikov),,,,2446809.5,0.999207112439118,3332.287982591803,2.642129690673336,114.918049447395,6661.933835492932,1.68032,,0.77296
     C/1986 P1 (Wilson),,,,2446824.5,1.000314965394949,-3808.82467931473,1.199647969411932,147.1191679685332,,0.391011,,0.53256
     C/1986 P1-A (Wilson),,,,2446920.5,1.000312,-3845.0352564,1.199651,147.1191,,,,
     C/1986 P1-B (Wilson),,,,2446920.5,1.000797,-1504.8243413,1.199345,147.1192,,,,
     C/1986 V1 (Sorrells),,,,2446850.5,0.9999259536806998,23244.33602385936,1.721157527143638,160.5798246092682,46486.95089019158,0.82709,,0.63322
     C/1987 A1 (Levy),,,,2446845.5,1.000394410239314,-2336.349359297214,0.921480109921712,96.58291953229757,,0.476398,,0.82893
     C/1987 B1 (Nishikawa-Takamizawa-Tago),,,,2446852.5,0.9957982687062688,206.9595632447118,0.8695884734222341,172.2299851880503,413.0495380160015,0.0477122,,0.75357
     C/1987 B2 (Terasako),,,,2446833.5,0.9952200165169108,82.19416500482055,0.392886751129357,40.85689340199738,163.9954432585117,0.596775,7.0,0.93196
     C/1987 F1 (Torres),,,,2447179.5,1.001208939868476,-2997.904748389623,3.624286572221827,124.0787132105054,,2.70866,,0.53823
     C/1987 H1 (Shoemaker),,,,2447102.5,1.003211651514714,-1699.216266315895,5.457290495540165,132.4851563650379,,4.46681,,0.68627
     C/1987 P1 (Bradfield),,,,2447128.5,0.9947371258513272,165.11062492845,0.8689564396071634,34.08806680570367,329.3522934172927,0.202735,,0.65698
     C/1987 Q1 (Rudenko),,,,2447065.5,1.00044313308015,-1359.867866609714,0.6026024363277476,114.8752757183371,,0.301297,,0.76171
     C/1987 T1 (Levy),,,,2447092.5,0.9999904334395116,53860.67425171667,0.5152613981717605,62.53265896386944,107720.8332420352,0.462617,,0.73614
     C/1987 T2 (SMM),,,,2447074.569,1.0,,0.00538,144.256,,,,
     C/1987 U3 (McNaught),,,,2447168.5,0.9985580735770364,583.3631261167292,0.8411667057302886,97.12648071037728,1165.885085527728,0.151911,,0.59436
     C/1987 U4 (SMM),,,,2447086.527,1.0,,0.00627,144.466,,,,
     C/1987 W1 (Ichimura),,,,2447127.5,0.9999993915312224,327902.5515529031,0.1995184647105148,41.62050035038317,655804.9035873414,0.251203,,0.88178
     C/1987 W2 (Furuyama),,,,2447172.5,1.000230074467561,-7299.904943950469,1.679521743225016,117.7819673357609,,0.940597,,0.55495
     C/1987 W3 (Jensen-Shoemaker),,,,2447346.5,1.0036030577622,-924.9768042790135,3.33274485451239,76.70040669090791,,2.35982,,0.53988
     C/1988 A1 (Liller),,,,2447277.5,0.9965633764274856,244.8147107263901,0.8413360057805781,73.3223550230319,488.7880854469996,0.0856922,,0.49081
     C/1988 B1 (Shoemaker),,,,2447366.5,1.003064789821794,-1641.528202352235,5.030938926756805,80.56829425460953,,4.41011,,0.46035
     C/1988 C1 (Maury-Phinney),,,,2447236.5,1.00000052935711,-3647207.47036457,1.930675205805696,93.15868283813296,,0.959834,,0.31459
     C/1988 F1 (Levy),,,,2447303.5,0.9977148303712776,513.8373368599499,1.174205476295893,62.8077422039957,1026.500468243604,0.248818,,0.6998
     C/1988 J1 (Shoemaker-Holt),,,,2447335.5,0.9978077677216638,535.7494127058251,1.174487155633374,62.80704966954395,1070.324338256017,0.249062,,0.70661
     C/1988 L1 (Shoemaker-Holt-Rodriquez),,,,2447471.5,1.000677161723782,-3653.923503035214,2.474297137882745,97.68855989990996,,1.74747,,0.58049
     C/1988 M1 (SMM),,,,2447340.284,1.0,,0.00516,144.706,,,,
     C/1988 P1 (Machholz),,,,2447392.5,0.9999993863078254,268133.6977749013,0.1645515520800235,40.19865550657445,536267.2309982507,0.394702,,0.62912
     C/1988 Q1 (SMM),,,,2447395.319,1.0,,0.00591,144.436,,,,
     C/1988 T1 (SMM),,,,2447446.572,1.0,,0.00513,144.786,,,,
     C/1988 U1 (SMM),,,,2447459.364,1.0,,0.00579,144.716,,,,
     C/1988 W1 (SMM),,,,2447483.869,1.0,,0.0059,144.796,,,,
     C/1988 Y1 (Yanaka),,,,2447538.5,1.0,,0.4278137122523382,71.010955287298,,0.0693641,,0.85424
     C/1989 A1 (Yanaka),,,,2447561.5,0.99863759034489,1390.639657293497,1.89462089587541,52.40972258159897,2779.384693691119,0.910805,,0.74876
     C/1989 A3 (Bradfield),,,,2447551.5,0.9780924999204414,19.19513367253992,0.4205173924583054,83.05927426289587,37.96974995262154,0.573084,7.0,0.99111
     C/1989 A5 (Shoemaker),,,,2447551.5,0.9955190584954484,589.081028416607,2.63963762977597,96.55853481837318,1175.522419203438,1.69316,,0.79297
     C/1989 A6 (Shoemaker),,,,2447567.5,1.0,,2.207946223400923,25.50559647350688,,1.23703,,0.47169
     C/1989 L1 (SMM),,,,2447680.078,1.0,,0.00557,144.636,,,,
     C/1989 N3 (SMM),,,,2447716.272,1.0,,0.00462,144.786,,,,
     C/1989 Q1 (Okazaki-Levy-Rudenko),,,,2447807.5,1.000055680059212,-11536.09603364094,0.6423305102281119,90.14594204719144,,0.288329,,0.67488
     C/1989 R1 (Helin-Roman),,,,2447789.5,0.999994757758242,252659.8167747952,1.324503842098288,128.1332600251004,505318.3090457483,0.360937,,0.78235
     C/1989 S1 (SMM),,,,2447798.355,1.0,,0.00476,144.768,,,,
     C/1989 T1 (Helin-Roman-Alu),,,,2447847.5,0.990613991284016,111.5829491990461,1.04731853373744,46.03653761099656,222.1185798643548,0.374865,,0.83016
     C/1989 W1 (Aarseth-Brewington),,,,2447865.5,1.000064988346867,-4626.812393297276,0.3006888887045017,88.38628146982141,,0.66777,,0.62447
     C/1989 X1 (Austin),,,,2447998.5,1.000228081863031,-1533.545417694618,0.3497738959103122,58.9563677985423,,0.138552,,0.64958
     C/1989 Y1 (Skorichenko-George),,,,2447946.5,1.000301347318485,-5207.17263932486,1.56916751174884,59.36587406151146,,0.734637,,0.63295
     C/1989 Y2 (McKenzie-Russell),,,,2447890.5,0.999996489781556,562869.8744784609,1.975796214980326,160.3362752621124,1125737.773160707,0.996237,,0.94133
     C/1990 E1 (Cernis-Kiuchi-Nakamura),,,,2447982.5,1.0,,1.068341053813668,48.14243049526325,,0.515787,,0.76236
     C/1990 K1 (Levy),,,,2448193.5,1.000583086635218,-1609.945375021148,0.938737631606041,131.5839768965119,,0.208765,,0.79221
     C/1990 M1 (McNaught-Hughes),,,,2448237.5,1.001289660713232,-2079.821711781647,2.682264352211716,132.7749598546743,,1.69879,,0.41277
     C/1990 N1 (Tsuchiya-Kiuchi),,,,2448160.5,0.9953979037532508,237.3789686866869,1.092440860850179,143.7834751310391,473.6654965125236,0.103777,,0.72432
     C/1991 A2 (Arai),,,,2448277.5,0.9906638424740422,153.6169539330847,1.434192080577088,70.98028030443429,305.7997157855923,0.493839,,0.70547
     C/1991 B1 (Shoemaker-Levy),,,,2448756.5,0.9935757016990748,352.5784429919674,2.265069092256138,77.28794057014724,702.8918168916787,1.81747,,0.71737
     C/1991 C3 (McNaught-Russell),,,,2448431.5,1.002496025303641,-1914.125632621003,4.777706013369888,113.4437623321004,,3.94905,,0.40723
     C/1991 F2 (Helin-Lawrence),,,,2448612.5,1.000421100018706,-3604.185791092349,1.517722704048847,95.45655929643364,,1.22959,,0.59012
     C/1991 L3 (Levy),,11.6,,2448619.5,0.9288584031320763,13.81307682192355,0.982684342770944,19.19010771073673,26.64346930107617,0.0753173,3.0,0.74332
     C/1991 L4 (Helin-Alu),,,,2448783.5,1.000178766384214,-27129.68048085295,4.849874884445977,49.29251377736286,,3.91284,,0.77683
     C/1991 Q1 (McNaught-Russell),,,,2448846.5,0.99448867269821,579.5276573185928,3.193966599922323,90.50620551156364,1155.861348037263,2.83261,,0.47397
     C/1991 R1 (McNaught-Russell),,,,2449109.5,0.9998516694306198,47069.98490914997,6.981917662293495,104.5220918486352,94132.98790063766,6.09271,,0.58254
     C/1991 T2 (Shoemaker-Levy),,,,2448691.5,0.9998609384712,6013.613507484167,0.8362622879634103,113.4967463977567,12026.39075268037,0.086484,,0.76773
     C/1991 X2 (Mueller),,,,2448651.5,1.000201387727965,-987.1342476950912,0.1987967233397178,95.57437028926192,,0.00670913,,0.9251
     C/1991 Y1 (Zanotta-Brewington),,,,2448631.5,1.000056697563823,-11357.97278110887,0.6439693866566208,50.02822548115083,,0.319982,,0.66613
     C/1992 A1 (Helin-Alu),,,,2448678.5,1.004251691899349,-709.5049930966343,3.016596631696579,39.2710796128736,,2.22595,,0.75059
     C/1992 B1 (Bradfield),,,,2448662.5,0.9999257139602512,6732.201164431336,0.5001085632978257,20.23782970756512,13463.90222029937,0.326537,,0.43133
     C/1992 F1 (Tanaka-Machholz),,,,2448767.5,0.9959770275487873,313.5749527703129,1.261503396385342,79.29242271015507,625.8884021442404,0.615345,,0.5493
     C/1992 J1 (Spacewatch),,,,2449202.5,0.9999734913795164,113435.2137276099,3.007011030180084,124.3187544758918,226867.4204441897,2.54094,,0.77999
     C/1992 J2 (Bradfield),,,,2448761.5,1.0,,0.5923200502942444,158.5646251632905,,0.100513,,1.1973
     C/1992 N1 (Machholz),,,,2448812.5,1.004624882362232,-177.1639369404108,0.8193623671792718,57.56797243985144,,0.14595,,0.70046
     C/1992 Q2 (Helin-Lawrence),,,,2449033.5,0.9654182773859064,58.94611246080544,2.038458110298743,106.848256808327,115.8537668113121,1.75919,3.0,0.64258
     C/1992 U1 (Shoemaker),,,,2449043.5,0.9994453252919108,4171.194371572776,2.313656020435573,65.9855927341999,8340.075087125117,1.61037,,0.85853
     C/1992 W1 (Ohshita),,,,2448974.5,0.9930126575513444,95.14725407043191,0.6648264472393502,115.1378077458037,189.6296816936245,0.160488,6.0,0.77873
     C/1993 A1 (Mueller),,,,2449219.5,1.001840877206201,-1052.462704953726,1.937454603926041,124.878071290721,,1.13461,,0.8668
     C/1993 F1 (Mueller),,,,2449220.5,1.005403138253239,-1092.155237993097,5.901065744875744,53.94023541460478,,5.22473,,0.97951
     D/1993 F2-A (Shoemaker-Levy 9),,,,2449480.5,0.2162091669027183,6.864794627724644,5.380563100306042,6.003293873510072,8.349026155143246,4.3742,,
     D/1993 F2-B (Shoemaker-Levy 9),,,,2449480.5,0.2156198009545105,6.859750460603828,5.380652431690819,5.990215620935063,8.338848489516836,4.37428,,
     D/1993 F2-C (Shoemaker-Levy 9),,,,2449480.5,0.215168721891631,6.855500783088456,5.380411441664238,5.981964700243585,8.330590124512675,4.37403,,
     D/1993 F2-D (Shoemaker-Levy 9),,,,2449480.5,0.2147253447713383,6.851576927754675,5.380369709715205,5.972967602904458,8.322784145794143,4.37398,,
     D/1993 F2-E (Shoemaker-Levy 9),,,,2449480.5,0.2144106471126862,6.848766803295232,5.380318281076818,5.966629244373592,8.317215325513645,4.37393,,
     D/1993 F2-F (Shoemaker-Levy 9),,,,2449480.5,0.2135848421813627,6.841631132813503,5.380362427048434,5.948462718631372,8.302899838578572,4.37395,,
     D/1993 F2-G (Shoemaker-Levy 9),,,,2449480.5,0.2128814846925464,6.835199945075558,5.380112432597461,5.93551371374279,8.290287457553655,4.3737,,
     D/1993 F2-H (Shoemaker-Levy 9),,,,2449480.5,0.2117793239102651,6.825465949228127,5.379973385128058,5.912868375664429,8.270958513328196,4.37354,,
     D/1993 F2-K (Shoemaker-Levy 9),,,,2449480.5,0.2104254484777917,6.813511052822975,5.37977493382431,5.885069578947944,8.24724717182164,4.37332,,
     D/1993 F2-L (Shoemaker-Levy 9),,,,2449480.5,0.2093610773818528,6.804157439882311,5.379631707592801,5.863130922736858,8.228683172171822,4.37316,,
     D/1993 F2-N (Shoemaker-Levy 9),,,,2449480.5,0.2082768876019644,6.794719275433608,5.379536292617222,5.840457677456903,8.209902258249995,4.37304,,
     D/1993 F2-P1 (Shoemaker-Levy 9),,,,2449480.5,0.2077450692314536,6.790351213070751,5.379689230205482,5.82928836968581,8.201013195936017,4.37319,,
     D/1993 F2-Q1 (Shoemaker-Levy 9),,,,2449480.5,0.2074042610723228,6.787001258663356,5.379348277713357,5.822818702804071,8.194654239613353,4.37284,,
     D/1993 F2-R (Shoemaker-Levy 9),,,,2449480.5,0.2065814876159076,6.779816296146898,5.379231759926299,5.805868258091117,8.180400832367496,4.37271,,
     D/1993 F2-S (Shoemaker-Levy 9),,,,2449480.5,0.2057367846395425,6.772476723767354,5.379129138573315,5.788483286955185,8.165824308961392,4.37259,,
     D/1993 F2-T (Shoemaker-Levy 9),,,,2449480.5,0.2055040670786311,6.770731478249174,5.379318622371657,5.783002212012632,8.16214433412669,4.37278,,
     D/1993 F2-U (Shoemaker-Levy 9),,,,2449480.5,0.2051674326466548,6.767640306906527,5.379140920062496,5.776309723322075,8.156139693750559,4.37259,,
     D/1993 F2-V (Shoemaker-Levy 9),,,,2449480.5,0.204616254273571,6.762831331517656,5.379046116178567,5.764889818272783,8.146616546856746,4.37249,,
     D/1993 F2-W (Shoemaker-Levy 9),,,,2449480.5,0.2042822622598208,6.759818852311391,5.378907764694635,5.758369877050352,8.140729939928148,4.37234,,
     D/1993 F2-P2 (Shoemaker-Levy 9),,,,2449480.5,0.2078872998976261,6.791467491352634,5.37960765223283,5.831257474696042,8.203327330472439,4.37311,,
     D/1993 F2-Q2 (Shoemaker-Levy 9),,,,2449480.5,0.2074533702731237,6.787490830834709,5.379402982280125,5.823606982143803,8.195578679389294,4.3729,,
     C/1993 K1 (Shoemaker-Levy),,,,2449563.5,1.000113362577726,-42777.5948870369,4.849378425317122,67.76684518056288,,4.13856,,0.66618
     C/1993 Q1 (Mueller),,,,2449288.5,1.000322420292731,-2999.968986132205,0.967250878692655,105.0264998392923,,0.477111,,0.97132
     C/1993 Y1 (McNaught-Russell),,,,2449470.5,0.9935569221319066,134.6615172022624,0.8676346411697747,51.58646888894948,268.455399763355,0.121186,,0.8562
     C/1994 E1 (Mueller),,,,2449451.5,0.9683518110578636,55.33527941962929,1.751261378238345,145.1402995966359,108.9192974610202,1.05721,6.0,0.90987
     C/1994 E2 (Shoemaker-Levy),,,,2449467.5,0.997305281918325,430.033552633581,1.158819190008642,131.2545672734788,858.9082860771533,0.410941,,0.9633
     C/1994 G1-A (Takamizawa-Levy),,,,2449717.5,0.9990759700524432,1471.024290878434,1.359270498355184,132.8727134762547,2940.689311258513,0.622765,,0.83077
     C/1994 G1-B (Takamizawa-Levy),,,,2449825.5,1.008805604574996,-154.5904641153442,1.361262498064833,132.968447727777,,0.630675,,0.32445
     C/1994 J2 (Takamizawa),,,,2449701.5,0.996231269619404,516.8158880341136,1.947739738408806,135.9617914106797,1031.684036329818,0.950932,,0.6925
     C/1994 N1 (Nakamura-Nishimura-Machholz),,,,2449574.5,1.000004187674279,-272260.8199696829,1.14013963293908,94.37802413721316,,0.400879,,0.79146
     C/1994 T1 (Machholz),,,,2449682.5,0.999494917340769,3653.6439911199,1.845392222918178,101.7376001412728,7305.442590016881,0.992933,,0.7207
     C/1995 O1 (Hale-Bopp),,60.0,0.04,2459837.5,0.9949810027633206,177.4333839117583,0.890537663547794,89.28759424740302,353.9762301599687,0.0878151,,0.38349
     C/1995 Q1 (Bradfield),,,,2450013.5,0.9980256711345538,221.0305407726553,0.4363869767926454,147.3943011124616,441.624694568518,0.440174,,0.95798
     C/1995 Q2 (Hartley-Drinkwater),,,,2449966.5,0.9664928819109674,56.38035490638671,1.889143209749869,168.0075125413942,110.8715666030236,0.903727,6.0,0.89353
     C/1995 Y1 (Hyakutake),,,,2450137.5,1.000269470509257,-3913.66448311189,1.054617161325053,54.46607179238238,,0.216486,,0.87391
     C/1996 A2 (SOHO),,,,2450097.06,1.0,,0.0054,141.76,,,,
     C/1996 B1 (Szczepanski),,,,2450137.5,0.990765429434025,156.8874218585768,1.448787968066914,51.91892697435366,312.3260557490867,0.523411,,0.74169
     C/1996 B2 (Hyakutake),,4.2,,2450157.5,0.9998916470450124,2124.755444393889,0.2302235310262354,124.9220493922234,4249.280665256751,0.100967,,0.71366
     C/1996 B3 (SOHO),,,,2450111.1,1.0,,0.0069,144.11,,,,
     C/1996 B4 (SOHO),,,,2450104.43,1.0,,0.005,143.34,,,,
     C/1996 B5 (SOHO),,,,2450112.42,1.0,,0.005,144.43,,,,
     C/1996 D1 (SOHO),,,,2450132.79,1.0,,0.0069,143.7,,,,
     C/1996 E1 (NEAT),,,,2450220.5,1.000908588123794,-1495.676752413958,1.358954134278129,114.4753782698956,,0.909319,,0.98227
     C/1996 E2 (SOHO),,,,2450153.64,1.0,,0.0055,143.84,,,,
     C/1996 F2 (SOHO),,,,2450168.1,1.0,,0.0051,144.43,,,,
     C/1996 H1 (SOHO),,,,2450203.98,1.0,,0.0052,144.43,,,,
     C/1996 J1-A (Evans-Drinkwater),,,,2450840.5,1.00102832817524,-1261.956885171863,1.297705820957689,22.51637369847596,,0.290275,,
     C/1996 J1-B (Evans-Drinkwater),,,,2451200.5,1.00059350950148,-2188.81821798519,1.2990844093779,22.5113875986251,,0.292576,0.0,0.73841
     C/1996 L1 (SOHO),,,,2450245.9,1.0,,0.005,143.84,,,,
     C/1996 L2 (SOHO),,,,2450248.85,1.0,,0.0053,143.19,,,,
     C/1996 M1 (SOHO),,,,2450253.48,1.0,,0.0054,144.5,,,,
     C/1996 M2 (SOHO),,,,2450261.6,1.0,,0.005,143.42,,,,
     C/1996 M3 (SOHO),,,,2450255.65,1.0,,0.0065,136.59,,,,
     C/1996 N1 (Brewington),,,,2450304.5,1.000564203309467,-1640.935798719459,0.9258214082604732,52.14795009520106,,0.0581483,,0.76853
     C/1996 N3 (SOHO),,,,2450268.35,1.0,,0.0351,72.12,,,,
     C/1996 O1 (SOHO),,,,2450286.68,1.0,,0.0061,143.96,,,,
     C/1996 O2 (SOHO),,,,2450288.96,1.0,,0.0076,146.02,,,,
     C/1996 O3 (SOHO),,,,2450290.52,1.0,,0.0067,146.22,,,,
     C/1996 O4 (SOHO),,,,2450292.77,1.0,,0.007,144.43,,,,
     C/1996 P2 (Russell-Watson),,,,2450406.5,1.00008353549162,-24011.9914044256,2.005853506743677,29.0831296309875,,0.992994,,0.84915
     C/1996 Q1 (Tabur),,,,2450341.5,0.9986119400862492,605.0192230023162,0.8398029304982347,73.35563244223592,1209.198643074134,0.0838441,,0.92224
     C/1996 Q2 (SOHO),,,,2450317.71,1.0,,0.0052,144.4,,,,
     C/1996 Q3 (SOHO),,,,2450326.43,1.0,,0.0051,144.18,,,,
     C/1996 R1 (Hergenrother-Spahr),,,,2450354.5,0.98558370470141,131.7397019911973,1.899198446453346,145.8144427603602,261.5802055359412,0.986423,,0.65131
     P/1996 R2 (Lagerkvist),,,,2450364.5,0.3099907820243109,3.782039940934332,2.60964242199692,2.605341982623154,4.954437459871744,1.61037,5.0,0.75308
     C/1996 R3 (Lagerkvist),,,,2450351.5,0.9870343410568396,404.0085112202332,5.23823656661548,39.20139700412212,802.7787858738509,4.3601,,0.51639
     C/1996 R4 (SOHO),,,,2450341.72,1.0,,0.0055,144.11,,,,
     C/1996 R5 (SOHO),,,,2450330.98,1.0,,0.0053,144.3,,,,
     C/1996 S3 (SOHO),,,,2450350.12,1.0,,0.0059,143.9,,,,
     C/1996 V1 (SOHO),,,,2450396.43,1.0,,0.0078,141.98,,,,
     C/1996 V2 (SOHO),,,,2450399.28,1.0,,0.0488,33.41,,,,
     C/1996 X1 (SOHO),,,,2450429.69,1.0,,0.006,144.01,,,,
     C/1996 X2 (SOHO),,,,2450430.39,1.0,,0.0054,143.39,,,,
     C/1996 X3 (SOHO),,,,2450423.67,1.0,,0.0426,14.78,,,,
     C/1996 X4 (SOHO),,,,2450423.78,1.0,,0.0492,13.7,,,,
     C/1996 X5 (SOHO),,,,2450423.83,1.0,,0.049,13.78,,,,
     C/1996 Y1 (SOHO),,,,2450440.76,1.0,,0.0055,144.24,,,,
     C/1996 Y2 (SOHO),,,,2450448.16,1.0,,0.0056,143.95,,,,
     C/1997 A1 (NEAT),,,,2450521.5,1.00212807702585,-1483.580379645845,3.157173321926218,145.0716924869738,,2.25504,,0.63651
     C/1997 B2 (SOHO),,,,2450475.45,1.0,,0.007,144.82,,,,
     C/1997 B3 (SOHO),,,,2450471.21,1.0,,0.0071,145.11,,,,
     C/1997 B4 (SOHO),,,,2450470.25,1.0,,0.0573,132.78,,,,
     C/1997 B5 (SOHO),,,,2450478.01,1.0,,0.0512,25.1,,,,
     C/1997 B6 (SOHO),,,,2450478.11,1.0,,0.0501,24.95,,,,
     C/1997 BA6 (Spacewatch),,,,2451665.5,0.9988845729283896,3080.849436820564,3.43646286538527,72.71704941680038,6158.262410775742,2.99213,,0.87727
     C/1997 B7 (SOHO),,,,2450478.15,1.0,,0.049,24.78,,,,
     C/1997 D1 (Mueller),,,,2450642.5,1.001156661434818,-1943.197806717002,2.247621963252406,141.8896054677941,,1.26598,,0.6128
     C/1997 E2 (SOHO),,,,2450513.47,1.0,,0.005,143.38,,,,
     C/1997 G2 (Montani),,,,2450655.5,0.9941632505431036,528.5413096478634,3.08496320203447,69.83549825694868,1053.997656093692,2.4416,,0.77496
     C/1997 G3 (SOHO),,,,2450542.94,1.0,,0.005,143.18,,,,
     C/1997 G4 (SOHO),,,,2450544.29,1.0,,0.005,144.08,,,,
     C/1997 G5 (SOHO),,,,2450544.67,1.0,,0.0049,143.82,,,,
     C/1997 G6 (SOHO),,,,2450550.06,1.0,,0.005,144.27,,,,
     C/1997 G7 (SOHO),,,,2450547.47,1.0,,0.0351,70.33,,,,
     C/1997 H2 (SOHO),,,,2450571.67,1.0,,0.1361,18.32,,,,
     C/1997 H3 (SOHO),,,,2450565.2,1.0,,0.0083,138.71,,,,
     C/1997 H4 (SOHO),,,,2450559.86,1.0,,0.0356,73.13,,,,
     C/1997 H5 (SOHO),,,,2450567.77,1.0,,0.0371,79.18,,,,
     C/1997 J1 (Mueller),,,,2450668.5,0.9909911278901312,255.5404095206032,2.302130868274638,122.968328161198,508.7786881729319,1.83553,,0.61995
     C/1997 J2 (Meunier-Dupouy),,,,2450835.5,1.000558290058558,-5465.167454397625,3.051148658144366,91.27339903252413,,2.40762,,0.72118
     C/1997 J3 (SOHO),,,,2450579.25,1.0,,0.0085,146.83,,,,
     C/1997 J4 (SOHO),,,,2450579.34,1.0,,0.0094,138.93,,,,
     C/1997 J5 (SOHO),,,,2450571.86,1.0,,0.0077,138.67,,,,
     C/1997 K1 (SOHO),,,,2450601.08,1.0,,0.0058,143.58,,,,
     C/1997 K2,,,,2450621.5,1.0,,1.544700389346878,127.8581021802522,,0.869153,,0.18212
     C/1997 K3 (SOHO),,,,2450594.85,1.0,,0.0077,144.45,,,,
     C/1997 K4 (SOHO),,,,2450600.74,1.0,,0.0056,142.75,,,,
     C/1997 K5 (SOHO),,,,2450589.1,1.0,,0.009,137.6,,,,
     C/1997 K6 (SOHO),,,,2450600.04,1.0,,0.0057,143.19,,,,
     C/1997 K7 (SOHO),,,,2450600.74,1.0,,0.0089,139.41,,,,
     C/1997 L1 (Zhu-Balam),,,,2450682.5,0.997973768285244,2418.06637431502,4.8995627760222,72.99146132053649,4831.233185854018,3.9127,,0.78244
     C/1997 L2 (SOHO),,,,2450610.37,1.0,,0.0381,71.69,,,,
     C/1997 L3 (SOHO),,,,2450613.33,1.0,,0.0082,138.69,,,,
     C/1997 L4 (SOHO),,,,2450615.38,1.0,,0.0051,143.96,,,,
     C/1997 L5 (SOHO),,,,2450612.05,1.0,,0.008,146.13,,,,
     C/1997 M1 (SOHO),,,,2450630.41,1.0,,0.0086,138.64,,,,
     C/1997 M3 (SOHO),,,,2450628.44,1.0,,0.0056,146.1,,,,
     C/1997 M4 (SOHO),,,,2450617.57,1.0,,0.0063,145.98,,,,
     C/1997 M5 (SOHO),,,,2450619.5,1.0,,0.0059,127.42,,,,
     C/1997 N1 (Tabur),,,,2450642.5,1.000161684706786,-2447.496553356089,0.3957227625891588,85.96297497437043,,0.581492,,0.71974
     C/1997 N3 (SOHO),,,,2450634.44,1.0,,0.0059,142.75,,,,
     C/1997 O1 (Tilbrook),,,,2450716.5,0.984235442090833,87.0188553117314,1.371813783751212,115.8023964122071,172.6658968397116,0.409229,3.0,0.79046
     C/1997 O2 (SOHO),,,,2450654.98,1.0,,0.0356,71.92,,,,
     C/1997 O3 (SOHO),,,,2450662.0,1.0,,0.0053,141.45,,,,
     C/1997 P1 (SOHO),,,,2450666.32,1.0,,0.0055,144.35,,,,
     C/1997 P2 (Spacewatch),,,,2450689.5,1.027944846352167,-152.550042819196,4.262987507598925,14.57908844680142,,3.25785,,0.6679
     C/1997 P3 (SOHO),,,,2450668.93,1.0,,0.0067,139.35,,,,
     C/1997 P4 (SOHO),,,,2450669.39,1.0,,0.0096,145.97,,,,
     C/1997 P5 (SOHO),,,,2450669.83,1.0,,0.0051,141.36,,,,
     C/1997 Q1 (SOHO),,,,2450692.9,1.0,,0.0078,144.13,,,,
     C/1997 Q2 (SOHO),,,,2450684.62,1.0,,0.0048,144.16,,,,
     C/1997 R1 (SOHO),,,,2450700.39,1.0,,0.0063,144.03,,,,
     C/1997 R2 (SOHO),,,,2450707.19,1.0,,0.0054,144.01,,,,
     C/1997 R3 (SOHO),,,,2450708.53,1.0,,0.0054,144.45,,,,
     C/1997 S1 (SOHO),,,,2450722.33,1.0,,0.0074,144.01,,,,
     C/1997 S2 (SOHO),,,,2450717.95,1.0,,0.0078,143.81,,,,
     C/1997 S3 (SOHO),,,,2450716.25,1.0,,0.0053,146.05,,,,
     C/1997 S4 (SOHO),,,,2450720.84,1.0,,0.026,154.63,,,,
     C/1997 S5 (SOHO),,,,2450711.72,1.0,,0.0058,143.79,,,,
     C/1997 T1 (Utsunomiya),,,,2450772.5,0.9985197431035612,918.1573761929292,1.359108788125658,127.9926376573183,1834.955643597732,0.867884,,0.79132
     C/1997 T2 (SOHO),,,,2450725.82,1.0,,0.0044,144.58,,,,
     C/1997 T4 (SOHO),,,,2450728.39,1.0,,0.0058,144.63,,,,
     C/1997 T5 (SOHO),,,,2450729.49,1.0,,0.0051,143.67,,,,
     C/1997 T6 (SOHO),,,,2450723.8,1.0,,0.005,144.4,,,,
     C/1997 T7 (SOHO),,,,2450730.16,1.0,,0.0051,144.64,,,,
     C/1997 T8 (SOHO),,,,2450730.54,1.0,,0.0052,142.27,,,,
     C/1997 U1 (SOHO),,,,2450750.55,1.0,,0.0052,130.65,,,,
     C/1997 U2 (SOHO),,,,2450739.03,1.0,,0.0051,143.79,,,,
     C/1997 U3 (SOHO),,,,2450742.1,1.0,,0.0052,144.43,,,,
     C/1997 U4 (SOHO),,,,2450743.79,1.0,,0.005,145.62,,,,
     C/1997 U5 (SOHO),,,,2450748.7,1.0,,0.0051,142.93,,,,
     C/1997 U6 (SOHO),,,,2450748.71,1.0,,0.0051,143.65,,,,
     C/1997 U7 (SOHO),,,,2450749.52,1.0,,0.0051,144.23,,,,
     C/1997 U8 (SOHO),,,,2450741.48,1.0,,0.031,71.91,,,,
     C/1997 U9 (SOHO),,,,2450744.68,1.0,,0.0402,77.41,,,,
     C/1997 V2 (SOHO),,,,2450762.06,1.0,,0.0067,143.89,,,,
     C/1997 V3 (SOHO),,,,2450754.7,1.0,,0.0075,136.47,,,,
     C/1997 V4 (SOHO),,,,2450756.44,1.0,,0.005,144.1,,,,
     C/1997 V5 (SOHO),,,,2450761.4,1.0,,0.0085,138.34,,,,
     C/1997 V6 (SOHO),,,,2450761.73,1.0,,0.0054,144.37,,,,
     C/1997 V7 (SOHO),,,,2450755.82,1.0,,0.0216,137.4,,,,
     C/1997 V8 (SOHO),,,,2450759.58,1.0,,0.008,134.4,,,,
     C/1997 V9 (SOHO),,,,2450766.56,1.0,,0.0611,93.76,,,,
     C/1997 W1 (SOHO),,,,2450775.93,1.0,,0.0055,144.52,,,,
     C/1997 W2 (SOHO),,,,2450772.55,1.0,,0.005,142.35,,,,
     C/1997 W3 (SOHO),,,,2450777.72,1.0,,0.0073,138.77,,,,
     C/1997 X1 (SOHO),,,,2450785.46,1.0,,0.0051,143.91,,,,
     C/1997 X3 (SOHO),,,,2450785.9,1.0,,0.0055,144.57,,,,
     C/1997 X4 (SOHO),,,,2450785.97,1.0,,0.0054,142.93,,,,
     C/1997 X5 (SOHO),,,,2450789.24,1.0,,0.0058,145.46,,,,
     C/1997 X6 (SOHO),,,,2450793.27,1.0,,0.0066,146.21,,,,
     C/1997 X7 (SOHO),,,,2450798.05,1.0,,0.0346,72.62,,,,
     C/1997 Y1 (SOHO),,,,2450803.7,1.0,,0.0054,141.83,,,,
     C/1997 Y2 (SOHO),,,,2450804.22,1.0,,0.0054,143.32,,,,
     C/1997 Y3 (SOHO),,,,2450805.71,1.0,,0.0066,146.84,,,,
     C/1998 A1 (SOHO),,,,2450826.76,1.0,,0.0054,144.12,,,,
     C/1998 A2 (SOHO),,,,2450817.24,1.0,,0.041,27.93,,,,
     C/1998 A3 (SOHO),,,,2450822.8,1.0,,0.0419,27.35,,,,
     C/1998 A4 (SOHO),,,,2450824.29,1.0,,0.0431,26.87,,,,
     C/1998 B2 (SOHO),,,,2450839.65,1.0,,0.0049,142.62,,,,
     C/1998 E1 (SOHO),,,,2450876.19,1.0,,0.0053,142.71,,,,
     C/1998 F1 (SOHO),,,,2450894.93,1.0,,0.0095,138.61,,,,
     C/1998 F2 (SOHO),,,,2450900.69,1.0,,0.005,146.06,,,,
     C/1998 G1 (LINEAR),,,,2450924.5,0.8236926083121225,12.10033562322811,2.133378612279255,109.7147269708957,22.06729263417696,1.43133,5.0,0.61202
     C/1998 G2 (SOHO),,,,2450905.92,1.0,,0.0049,146.08,,,,
     C/1998 G3 (SOHO),,,,2450915.89,1.0,,0.0354,53.86,,,,
     C/1998 G4 (SOHO),,,,2450914.96,1.0,,0.0092,139.59,,,,
     C/1998 G5 (SOHO),,,,2450910.22,1.0,,0.005,144.4,,,,
     C/1998 G6 (SOHO),,,,2450910.65,1.0,,0.0053,144.82,,,,
     C/1998 G7 (SOHO),,,,2450911.39,1.0,,0.0079,143.52,,,,
     C/1998 G8 (SOHO),,,,2450913.48,1.0,,0.005,144.96,,,,
     C/1998 G9 (SOHO),,,,2450915.54,1.0,,0.037,84.26,,,,
     C/1998 H1 (Stonehouse),,,,2450946.5,0.99794040997194,722.1295487469451,1.487290817566675,104.6929600884632,1442.771806676324,0.479584,,0.75997
     C/1998 H2 (SOHO),,,,2450934.28,1.0,,0.0067,143.75,,,,
     C/1998 H3 (SOHO),,,,2450930.37,1.0,,0.0054,144.16,,,,
     C/1998 H4 (SOHO),,,,2450931.82,1.0,,0.005,143.82,,,,
     C/1998 H5 (SOHO),,,,2450924.08,1.0,,0.0049,143.95,,,,
     C/1998 H6 (SOHO),,,,2450924.11,1.0,,0.005,142.82,,,,
     C/1998 J1 (SOHO),,,,2450973.5,1.000172171663882,-889.8932324790363,0.1532143985132998,62.93183004478351,,0.315681,,0.61206
     C/1998 J2 (SOHO),,,,2450945.18,1.0,,0.0055,144.66,,,,
     C/1998 J3 (SOHO),,,,2450938.57,1.0,,0.0058,143.3,,,,
     C/1998 J4 (SOHO),,,,2450940.15,1.0,,0.0049,145.25,,,,
     C/1998 J5 (SOHO),,,,2450946.08,1.0,,0.0052,145.65,,,,
     C/1998 K1 (Mueller),,,,2450969.5,0.9451516225859492,62.29190591958385,3.416609965717887,35.63603485358318,121.1672018734498,2.43016,4.0,0.61884
     C/1998 K2 (LINEAR),,,,2451087.5,0.9992762893002576,3210.507000968204,2.323478268198635,64.45667524465281,6418.690523668211,1.47487,,0.85945
     C/1998 K3 (LINEAR),,,,2450969.5,0.9979819977301114,1757.339167806755,3.546314429598131,160.2056072131957,3511.132021183912,2.57378,,0.62374
     C/1998 K5 (LINEAR),,,,2451021.5,0.9866912757228472,72.39965030819518,0.963546983714058,9.927136988567042,143.8357536326763,0.136808,3.0,0.69348
     C/1998 K7 (SOHO),,,,2450951.15,1.0,,0.0058,144.18,,,,
     C/1998 K8 (SOHO),,,,2450953.72,1.0,,0.0064,143.22,,,,
     C/1998 K9 (SOHO),,,,2450962.57,1.0,,0.0056,144.55,,,,
     C/1998 K10 (SOHO),,,,2450966.38,1.0,,0.0058,143.96,,,,
     C/1998 K11 (SOHO),,,,2450966.56,1.0,,0.005,144.49,,,,
     C/1998 K12 (SOHO),,,,2450954.9,1.0,,0.0063,141.26,,,,
     C/1998 K13 (SOHO),,,,2450955.73,1.0,,0.009,146.44,,,,
     C/1998 K14 (SOHO),,,,2450960.33,1.0,,0.0051,143.91,,,,
     C/1998 K15 (SOHO),,,,2450962.61,1.0,,0.0078,143.85,,,,
     C/1998 K16 (SOHO),,,,2450963.31,1.0,,0.0058,140.86,,,,
     C/1998 K17 (SOHO),,,,2450965.05,1.0,,0.0087,140.04,,,,
     C/1998 L1 (SOHO),,,,2450975.99,1.0,,0.0075,133.45,,,,
     C/1998 L2 (SOHO),,,,2450968.51,1.0,,0.0052,139.09,,,,
     C/1998 L3 (SOHO),,,,2450969.04,1.0,,0.005,143.11,,,,
     C/1998 L4 (SOHO),,,,2450969.92,1.0,,0.0052,144.71,,,,
     C/1998 L5 (SOHO),,,,2450970.37,1.0,,0.0055,145.89,,,,
     C/1998 L6 (SOHO),,,,2450970.78,1.0,,0.0057,143.65,,,,
     C/1998 L7 (SOHO),,,,2450971.46,1.0,,0.0084,132.5,,,,
     C/1998 L8 (SOHO),,,,2450973.26,1.0,,0.0071,144.44,,,,
     C/1998 L9 (SOHO),,,,2450977.19,1.0,,0.0048,143.95,,,,
     C/1998 L10 (SOHO),,,,2450967.23,1.0,,0.0079,139.5,,,,
     C/1998 M1 (LINEAR),,,,2451077.5,0.9927657771755544,431.0240976061972,3.118124364788787,20.38456410965324,858.9300708476056,2.11001,,0.7274
     C/1998 M2 (LINEAR),,,,2451043.5,0.9977564405921836,1214.73617774893,2.725332779603543,60.18231357842177,2426.747022718255,1.84203,,0.65627
     C/1998 M3 (Larsen),,,,2451054.5,1.002293802409129,-2514.702904856189,5.76823158140287,113.4228968574624,,4.8038,,0.7607
     C/1998 M4 (LINEAR),,,,2450997.5,0.9973867690204228,994.9435920437012,2.600017417660438,154.5710965247214,1987.287166669742,1.72834,,0.68222
     C/1998 M5 (LINEAR),,,,2451144.5,0.9960246572623186,438.2739334333067,1.742289098389161,82.22888238983614,874.8055777682242,1.33089,,0.66265
     C/1998 M6 (Montani),,,,2451026.5,0.998879495913132,5335.660754985731,5.978629682102896,91.53998769919905,10665.34288028936,4.97431,,0.52694
     C/1998 M7 (SOHO),,,,2450981.73,1.0,,0.0054,144.54,,,,
     C/1998 M8 (SOHO),,,,2450984.34,1.0,,0.0055,146.26,,,,
     C/1998 M9 (SOHO),,,,2450986.58,1.0,,0.0061,147.31,,,,
     C/1998 M10 (SOHO),,,,2450988.54,1.0,,0.0064,144.24,,,,
     C/1998 P1 (Williams),,,,2451162.5,0.9993594130639354,1789.224616887551,1.146153915263378,145.7285193610125,3577.303079859839,0.410331,,0.86749
     C/1998 Q1 (LINEAR),,,,2451063.5,0.9955953964298248,358.2335777867606,1.577876895676178,32.30581132638599,714.8892786778449,0.680577,,0.68254
     C/1998 T1 (LINEAR),,,,2451303.5,0.9991140852305892,1656.736958753315,1.46772774078811,170.159948252212,3312.006189765842,0.474469,,0.95241
     C/1998 T2 (SOHO),,,,2451102.07,1.0,,0.0049,144.22,,,,
     C/1998 U1 (LINEAR),,,,2451129.5,1.000438480606483,-9066.40939187066,3.975444688770558,156.4285052793357,,3.05999,,0.77309
     C/1998 U5 (LINEAR),,,,2451148.5,0.9879794331880046,102.8614494104612,1.236452925017131,131.7647501490547,204.4864458959053,0.440627,,0.70453
     C/1998 U6 (SOHO),,,,2451116.16,1.0,,0.0054,143.74,,,,
     C/1998 U7 (SOHO),,,,2451114.17,1.0,,0.0067,131.34,,,,
     C/1998 V1 (SOHO),,,,2451122.42,1.0,,0.0049,143.89,,,,
     C/1998 V2 (SOHO),,,,2451125.18,1.0,,0.0053,144.73,,,,
     C/1998 V3 (SOHO),,,,2451125.21,1.0,,0.0055,147.39,,,,
     C/1998 V4 (SOHO),,,,2451127.03,1.0,,0.005,144.64,,,,
     C/1998 V5 (SOHO),,,,2451120.47,1.0,,0.0067,143.04,,,,
     C/1998 V6 (SOHO),,,,2451120.51,1.0,,0.0079,148.56,,,,
     C/1998 V7 (SOHO),,,,2451125.06,1.0,,0.0048,145.2,,,,
     C/1998 V8 (SOHO),,,,2451120.91,1.0,,0.0363,72.01,,,,
     C/1998 V9 (SOHO),,,,2451126.14,1.0,,0.0072,144.9,,,,
     P/1998 VS24 (LINEAR),,,,2451149.5,0.2439308650441009,4.504101364159013,3.40541202215339,5.030990985453479,5.602790706164636,2.41824,5.0,0.51384
     C/1998 W3 (LINEAR),,,,2451228.5,1.000899592420905,-5463.131541466871,4.914591729110549,129.1868772943146,,3.9344,,0.54567
     C/1998 W4 (SOHO),,,,2451142.09,1.0,,0.0057,145.14,,,,
     C/1998 W5 (SOHO),,,,2451142.69,1.0,,0.0082,142.26,,,,
     C/1998 W6 (SOHO),,,,2451143.5,1.0,,0.0064,143.37,,,,
     C/1998 W7 (SOHO),,,,2451145.75,1.0,,0.0362,72.12,,,,
     C/1998 W8 (SOHO),,,,2451147.93,1.0,,0.0052,144.11,,,,
     C/1998 X3 (SOHO),,,,2451153.46,1.0,,0.0053,147.15,,,,
     C/1998 X4 (SOHO),,,,2451155.76,1.0,,0.0057,142.65,,,,
     C/1998 X5 (SOHO),,,,2451157.08,1.0,,0.0057,144.99,,,,
     C/1998 X6 (SOHO),,,,2451157.6,1.0,,0.006,145.03,,,,
     C/1998 X7 (SOHO),,,,2451157.81,1.0,,0.0058,143.98,,,,
     C/1998 X8 (SOHO),,,,2451159.85,1.0,,0.0055,142.86,,,,
     C/1998 X9 (SOHO),,,,2451162.14,1.0,,0.0053,144.96,,,,
     C/1998 X10 (SOHO),,,,2451162.15,1.0,,0.005,145.56,,,,
     C/1998 X11 (SOHO),,,,2451156.69,1.0,,0.0049,140.9,,,,
     C/1998 X12 (SOHO),,,,2451154.91,1.0,,0.0048,144.89,,,,
     C/1998 Y1 (LINEAR),,,,2451191.5,0.9238993762408438,22.95631146081127,1.746989621377203,28.10815562674253,44.16563330024533,0.782205,4.0,0.71468
     C/1999 A1 (Tilbrook),,,,2451198.5,0.9958948892732364,178.0077188596875,0.7307413961376154,89.4817884541915,355.2846963232374,0.0681534,,0.7586
     C/1999 C1 (SOHO),,,,2451217.37,1.0,,0.0062,144.81,,,,
     C/1999 C2 (SOHO),,,,2451216.24,1.0,,0.0068,144.16,,,,
     C/1999 E1 (Li),,,,2451434.5,0.7601059555951749,16.34065650865052,3.920026178090202,46.88123230278046,28.76128683921084,3.00274,3.0,0.68272
     C/1999 E2 (SOHO),,,,2451241.22,1.0,,0.0051,145.42,,,,
     C/1999 F1 (Catalina),,,,2452054.5,0.9991295234393676,6648.103892832371,5.787018611359847,92.03538807790534,13290.42076705338,5.45342,,0.69101
     C/1999 F2 (Dalcanton),,,,2451450.5,0.9982110454122528,2637.338053740732,4.71807801068003,56.42740994860667,5269.958029470785,3.72111,,0.90348
     C/1999 F3 (SOHO),,,,2451254.88,1.0,,0.0363,73.31,,,,
     C/1999 G1 (LINEAR),,,,2451280.5,0.8567729326684609,28.26669821096978,4.048556287902865,76.56819680473664,52.48484013403669,3.26265,6.0,1.0625
     C/1999 G2 (SOHO),,,,2451282.23,1.0,,0.0049,145.01,,,,
     C/1999 G3 (SOHO),,,,2451270.91,1.0,,0.0092,144.09,,,,
     C/1999 G4 (SOHO),,,,2451272.36,1.0,,0.0073,145.06,,,,
